INSERT INTO `sport_meeting_management_system`.`college_rank` (`College_score`, `College_ranking`) VALUES ('0', '4');

INSERT INTO `sport_meeting_management_system`.`college` VALUES ('Diligentia', '0', 'WYP', '100');
INSERT INTO `sport_meeting_management_system`.`college` VALUES ('Shaw', '0', 'WYH', '120');
INSERT INTO `sport_meeting_management_system`.`college` VALUES ('Harmonia', '0', 'DYL', '80');
INSERT INTO `sport_meeting_management_system`.`college` VALUES ('Muse', '0', 'XN', '100');

INSERT INTO `sport_meeting_management_system`.`player` VALUES ('119010000', 'uzx', 'male', 'diligentia');
INSERT INTO `sport_meeting_management_system`.`player` VALUES ('119010001', 'vrd', 'male', 'muse');
INSERT INTO `sport_meeting_management_system`.`player` VALUES ('119010002', 'egv', 'male', 'harmonia');
INSERT INTO `sport_meeting_management_system`.`player` VALUES ('119010003', 'eds', 'male', 'shaw');
INSERT INTO `sport_meeting_management_system`.`player` VALUES ('119010004', 'vlh', 'male', 'diligentia');
INSERT INTO `sport_meeting_management_system`.`player` VALUES ('119010005', 'trh', 'male', 'muse');
INSERT INTO `sport_meeting_management_system`.`player` VALUES ('119010006', 'vjq', 'male', 'harmonia');
INSERT INTO `sport_meeting_management_system`.`player` VALUES ('119010007', 'wro', 'male', 'shaw');
INSERT INTO `sport_meeting_management_system`.`player` VALUES ('119010008', 'lgo', 'male', 'diligentia');
INSERT INTO `sport_meeting_management_system`.`player` VALUES ('119010009', 'fim', 'male', 'muse');
INSERT INTO `sport_meeting_management_system`.`player` VALUES ('119010010', 'hod', 'male', 'harmonia');
INSERT INTO `sport_meeting_management_system`.`player` VALUES ('119010011', 'wru', 'male', 'shaw');
INSERT INTO `sport_meeting_management_system`.`player` VALUES ('119010012', 'vwf', 'male', 'diligentia');
INSERT INTO `sport_meeting_management_system`.`player` VALUES ('119010013', 'klf', 'male', 'muse');
INSERT INTO `sport_meeting_management_system`.`player` VALUES ('119010014', 'vee', 'male', 'harmonia');
INSERT INTO `sport_meeting_management_system`.`player` VALUES ('119010015', 'ssl', 'male', 'shaw');
INSERT INTO `sport_meeting_management_system`.`player` VALUES ('119010016', 'tpw', 'male', 'diligentia');
INSERT INTO `sport_meeting_management_system`.`player` VALUES ('119010017', 'isc', 'male', 'muse');
INSERT INTO `sport_meeting_management_system`.`player` VALUES ('119010018', 'vpc', 'male', 'harmonia');
INSERT INTO `sport_meeting_management_system`.`player` VALUES ('119010019', 'fgc', 'male', 'shaw');
INSERT INTO `sport_meeting_management_system`.`player` VALUES ('119010020', 'giy', 'male', 'diligentia');
INSERT INTO `sport_meeting_management_system`.`player` VALUES ('119010021', 'azj', 'male', 'muse');
INSERT INTO `sport_meeting_management_system`.`player` VALUES ('119010022', 'bhc', 'male', 'harmonia');
INSERT INTO `sport_meeting_management_system`.`player` VALUES ('119010023', 'zhp', 'male', 'shaw');
INSERT INTO `sport_meeting_management_system`.`player` VALUES ('119010024', 'bhf', 'male', 'diligentia');
INSERT INTO `sport_meeting_management_system`.`player` VALUES ('119010025', 'cho', 'male', 'muse');
INSERT INTO `sport_meeting_management_system`.`player` VALUES ('119010026', 'lft', 'male', 'harmonia');
INSERT INTO `sport_meeting_management_system`.`player` VALUES ('119010027', 'rfc', 'male', 'shaw');
INSERT INTO `sport_meeting_management_system`.`player` VALUES ('119010028', 'kcd', 'male', 'diligentia');
INSERT INTO `sport_meeting_management_system`.`player` VALUES ('119010029', 'cye', 'male', 'muse');
INSERT INTO `sport_meeting_management_system`.`player` VALUES ('119010030', 'rra', 'male', 'harmonia');
INSERT INTO `sport_meeting_management_system`.`player` VALUES ('119010031', 'hlh', 'male', 'shaw');
INSERT INTO `sport_meeting_management_system`.`player` VALUES ('119010032', 'kjv', 'male', 'diligentia');
INSERT INTO `sport_meeting_management_system`.`player` VALUES ('119010033', 'smr', 'male', 'muse');
INSERT INTO `sport_meeting_management_system`.`player` VALUES ('119010034', 'sak', 'male', 'harmonia');
INSERT INTO `sport_meeting_management_system`.`player` VALUES ('119010035', 'dgh', 'male', 'shaw');
INSERT INTO `sport_meeting_management_system`.`player` VALUES ('119010036', 'plm', 'male', 'diligentia');
INSERT INTO `sport_meeting_management_system`.`player` VALUES ('119010037', 'eyf', 'male', 'muse');
INSERT INTO `sport_meeting_management_system`.`player` VALUES ('119010038', 'jdw', 'male', 'harmonia');
INSERT INTO `sport_meeting_management_system`.`player` VALUES ('119010039', 'xpv', 'male', 'shaw');
INSERT INTO `sport_meeting_management_system`.`player` VALUES ('119010040', 'dhg', 'male', 'diligentia');
INSERT INTO `sport_meeting_management_system`.`player` VALUES ('119010041', 'dpe', 'male', 'muse');
INSERT INTO `sport_meeting_management_system`.`player` VALUES ('119010042', 'qno', 'male', 'harmonia');
INSERT INTO `sport_meeting_management_system`.`player` VALUES ('119010043', 'sev', 'male', 'shaw');
INSERT INTO `sport_meeting_management_system`.`player` VALUES ('119010044', 'rmk', 'male', 'diligentia');
INSERT INTO `sport_meeting_management_system`.`player` VALUES ('119010045', 'ima', 'male', 'muse');
INSERT INTO `sport_meeting_management_system`.`player` VALUES ('119010046', 'klx', 'male', 'harmonia');
INSERT INTO `sport_meeting_management_system`.`player` VALUES ('119010047', 'cgl', 'male', 'shaw');
INSERT INTO `sport_meeting_management_system`.`player` VALUES ('119010048', 'uim', 'male', 'diligentia');
INSERT INTO `sport_meeting_management_system`.`player` VALUES ('119010049', 'ofh', 'male', 'muse');
INSERT INTO `sport_meeting_management_system`.`player` VALUES ('119010050', 'huc', 'male', 'harmonia');
INSERT INTO `sport_meeting_management_system`.`player` VALUES ('119010051', 'bgb', 'male', 'shaw');
INSERT INTO `sport_meeting_management_system`.`player` VALUES ('119010052', 'vjq', 'male', 'diligentia');
INSERT INTO `sport_meeting_management_system`.`player` VALUES ('119010053', 'tvf', 'male', 'muse');
INSERT INTO `sport_meeting_management_system`.`player` VALUES ('119010054', 'roc', 'male', 'harmonia');
INSERT INTO `sport_meeting_management_system`.`player` VALUES ('119010055', 'iqi', 'male', 'shaw');
INSERT INTO `sport_meeting_management_system`.`player` VALUES ('119010056', 'hwp', 'male', 'diligentia');
INSERT INTO `sport_meeting_management_system`.`player` VALUES ('119010057', 'ftn', 'male', 'muse');
INSERT INTO `sport_meeting_management_system`.`player` VALUES ('119010058', 'mzm', 'male', 'harmonia');
INSERT INTO `sport_meeting_management_system`.`player` VALUES ('119010059', 'ixi', 'male', 'shaw');
INSERT INTO `sport_meeting_management_system`.`player` VALUES ('119010060', 'ups', 'male', 'diligentia');
INSERT INTO `sport_meeting_management_system`.`player` VALUES ('119010061', 'zfr', 'male', 'muse');
INSERT INTO `sport_meeting_management_system`.`player` VALUES ('119010062', 'pys', 'male', 'harmonia');
INSERT INTO `sport_meeting_management_system`.`player` VALUES ('119010063', 'blc', 'male', 'shaw');
INSERT INTO `sport_meeting_management_system`.`player` VALUES ('119010064', 'ovi', 'male', 'diligentia');
INSERT INTO `sport_meeting_management_system`.`player` VALUES ('119010065', 'bvu', 'male', 'muse');
INSERT INTO `sport_meeting_management_system`.`player` VALUES ('119010066', 'gev', 'male', 'harmonia');
INSERT INTO `sport_meeting_management_system`.`player` VALUES ('119010067', 'laj', 'male', 'shaw');
INSERT INTO `sport_meeting_management_system`.`player` VALUES ('119010068', 'zpo', 'male', 'diligentia');
INSERT INTO `sport_meeting_management_system`.`player` VALUES ('119010069', 'gty', 'male', 'muse');
INSERT INTO `sport_meeting_management_system`.`player` VALUES ('119010070', 'mfs', 'male', 'harmonia');
INSERT INTO `sport_meeting_management_system`.`player` VALUES ('119010071', 'mjr', 'male', 'shaw');
INSERT INTO `sport_meeting_management_system`.`player` VALUES ('119010072', 'uio', 'male', 'diligentia');
INSERT INTO `sport_meeting_management_system`.`player` VALUES ('119010073', 'lau', 'male', 'muse');
INSERT INTO `sport_meeting_management_system`.`player` VALUES ('119010074', 'xhr', 'male', 'harmonia');
INSERT INTO `sport_meeting_management_system`.`player` VALUES ('119010075', 'tlb', 'male', 'shaw');
INSERT INTO `sport_meeting_management_system`.`player` VALUES ('119010076', 'lil', 'male', 'diligentia');
INSERT INTO `sport_meeting_management_system`.`player` VALUES ('119010077', 'swj', 'male', 'muse');
INSERT INTO `sport_meeting_management_system`.`player` VALUES ('119010078', 'wdn', 'male', 'harmonia');
INSERT INTO `sport_meeting_management_system`.`player` VALUES ('119010079', 'pde', 'male', 'shaw');
INSERT INTO `sport_meeting_management_system`.`player` VALUES ('119010080', 'gzl', 'male', 'diligentia');
INSERT INTO `sport_meeting_management_system`.`player` VALUES ('119010081', 'rpr', 'male', 'muse');
INSERT INTO `sport_meeting_management_system`.`player` VALUES ('119010082', 'nkv', 'male', 'harmonia');
INSERT INTO `sport_meeting_management_system`.`player` VALUES ('119010083', 'ria', 'male', 'shaw');
INSERT INTO `sport_meeting_management_system`.`player` VALUES ('119010084', 'qmr', 'male', 'diligentia');
INSERT INTO `sport_meeting_management_system`.`player` VALUES ('119010085', 'qzi', 'male', 'muse');
INSERT INTO `sport_meeting_management_system`.`player` VALUES ('119010086', 'zwk', 'male', 'harmonia');
INSERT INTO `sport_meeting_management_system`.`player` VALUES ('119010087', 'vhi', 'male', 'shaw');
INSERT INTO `sport_meeting_management_system`.`player` VALUES ('119010088', 'gik', 'male', 'diligentia');
INSERT INTO `sport_meeting_management_system`.`player` VALUES ('119010089', 'gox', 'male', 'muse');
INSERT INTO `sport_meeting_management_system`.`player` VALUES ('119010090', 'khy', 'male', 'harmonia');
INSERT INTO `sport_meeting_management_system`.`player` VALUES ('119010091', 'ove', 'male', 'shaw');
INSERT INTO `sport_meeting_management_system`.`player` VALUES ('119010092', 'wdo', 'male', 'diligentia');
INSERT INTO `sport_meeting_management_system`.`player` VALUES ('119010093', 'igt', 'male', 'muse');
INSERT INTO `sport_meeting_management_system`.`player` VALUES ('119010094', 'fey', 'male', 'harmonia');
INSERT INTO `sport_meeting_management_system`.`player` VALUES ('119010095', 'seq', 'male', 'shaw');
INSERT INTO `sport_meeting_management_system`.`player` VALUES ('119010096', 'mvb', 'male', 'diligentia');
INSERT INTO `sport_meeting_management_system`.`player` VALUES ('119010097', 'vec', 'male', 'muse');
INSERT INTO `sport_meeting_management_system`.`player` VALUES ('119010098', 'qxl', 'male', 'harmonia');
INSERT INTO `sport_meeting_management_system`.`player` VALUES ('119010099', 'jox', 'male', 'shaw');
INSERT INTO `sport_meeting_management_system`.`player` VALUES ('119010100', 'ldk', 'male', 'diligentia');
INSERT INTO `sport_meeting_management_system`.`player` VALUES ('119010101', 'hfw', 'male', 'muse');
INSERT INTO `sport_meeting_management_system`.`player` VALUES ('119010102', 'ycc', 'male', 'harmonia');
INSERT INTO `sport_meeting_management_system`.`player` VALUES ('119010103', 'nla', 'male', 'shaw');
INSERT INTO `sport_meeting_management_system`.`player` VALUES ('119010104', 'tjo', 'male', 'diligentia');
INSERT INTO `sport_meeting_management_system`.`player` VALUES ('119010105', 'kln', 'male', 'muse');
INSERT INTO `sport_meeting_management_system`.`player` VALUES ('119010106', 'eck', 'male', 'harmonia');
INSERT INTO `sport_meeting_management_system`.`player` VALUES ('119010107', 'wos', 'male', 'shaw');
INSERT INTO `sport_meeting_management_system`.`player` VALUES ('119010108', 'app', 'male', 'diligentia');
INSERT INTO `sport_meeting_management_system`.`player` VALUES ('119010109', 'taz', 'male', 'muse');
INSERT INTO `sport_meeting_management_system`.`player` VALUES ('119010110', 'oih', 'male', 'harmonia');
INSERT INTO `sport_meeting_management_system`.`player` VALUES ('119010111', 'ouj', 'male', 'shaw');
INSERT INTO `sport_meeting_management_system`.`player` VALUES ('119010112', 'wad', 'male', 'diligentia');
INSERT INTO `sport_meeting_management_system`.`player` VALUES ('119010113', 'kmm', 'male', 'muse');
INSERT INTO `sport_meeting_management_system`.`player` VALUES ('119010114', 'khw', 'male', 'harmonia');
INSERT INTO `sport_meeting_management_system`.`player` VALUES ('119010115', 'hxq', 'male', 'shaw');
INSERT INTO `sport_meeting_management_system`.`player` VALUES ('119010116', 'zfl', 'male', 'diligentia');
INSERT INTO `sport_meeting_management_system`.`player` VALUES ('119010117', 'uke', 'male', 'muse');
INSERT INTO `sport_meeting_management_system`.`player` VALUES ('119010118', 'fhr', 'male', 'harmonia');
INSERT INTO `sport_meeting_management_system`.`player` VALUES ('119010119', 'wew', 'male', 'shaw');
INSERT INTO `sport_meeting_management_system`.`player` VALUES ('119010120', 'ptl', 'male', 'diligentia');
INSERT INTO `sport_meeting_management_system`.`player` VALUES ('119010121', 'afq', 'male', 'muse');
INSERT INTO `sport_meeting_management_system`.`player` VALUES ('119010122', 'nan', 'male', 'harmonia');
INSERT INTO `sport_meeting_management_system`.`player` VALUES ('119010123', 'bht', 'male', 'shaw');
INSERT INTO `sport_meeting_management_system`.`player` VALUES ('119010124', 'rav', 'male', 'diligentia');
INSERT INTO `sport_meeting_management_system`.`player` VALUES ('119010125', 'vep', 'male', 'muse');
INSERT INTO `sport_meeting_management_system`.`player` VALUES ('119010126', 'ghq', 'male', 'harmonia');
INSERT INTO `sport_meeting_management_system`.`player` VALUES ('119010127', 'usl', 'male', 'shaw');
INSERT INTO `sport_meeting_management_system`.`player` VALUES ('119010128', 'lzq', 'male', 'diligentia');
INSERT INTO `sport_meeting_management_system`.`player` VALUES ('119010129', 'xto', 'male', 'muse');
INSERT INTO `sport_meeting_management_system`.`player` VALUES ('119010130', 'cpn', 'male', 'harmonia');
INSERT INTO `sport_meeting_management_system`.`player` VALUES ('119010131', 'lxj', 'male', 'shaw');
INSERT INTO `sport_meeting_management_system`.`player` VALUES ('119010132', 'ksm', 'male', 'diligentia');
INSERT INTO `sport_meeting_management_system`.`player` VALUES ('119010133', 'pco', 'male', 'muse');
INSERT INTO `sport_meeting_management_system`.`player` VALUES ('119010134', 'rjc', 'male', 'harmonia');
INSERT INTO `sport_meeting_management_system`.`player` VALUES ('119010135', 'lxa', 'male', 'shaw');
INSERT INTO `sport_meeting_management_system`.`player` VALUES ('119010136', 'mbc', 'male', 'diligentia');
INSERT INTO `sport_meeting_management_system`.`player` VALUES ('119010137', 'fyg', 'male', 'muse');
INSERT INTO `sport_meeting_management_system`.`player` VALUES ('119010138', 'zwy', 'male', 'harmonia');
INSERT INTO `sport_meeting_management_system`.`player` VALUES ('119010139', 'qjt', 'male', 'shaw');
INSERT INTO `sport_meeting_management_system`.`player` VALUES ('119010140', 'ngc', 'male', 'diligentia');
INSERT INTO `sport_meeting_management_system`.`player` VALUES ('119010141', 'rte', 'male', 'muse');
INSERT INTO `sport_meeting_management_system`.`player` VALUES ('119010142', 'poa', 'male', 'harmonia');
INSERT INTO `sport_meeting_management_system`.`player` VALUES ('119010143', 'bfu', 'male', 'shaw');
INSERT INTO `sport_meeting_management_system`.`player` VALUES ('119010144', 'dmc', 'male', 'diligentia');
INSERT INTO `sport_meeting_management_system`.`player` VALUES ('119010145', 'rgj', 'male', 'muse');
INSERT INTO `sport_meeting_management_system`.`player` VALUES ('119010146', 'sur', 'male', 'harmonia');
INSERT INTO `sport_meeting_management_system`.`player` VALUES ('119010147', 'cfb', 'male', 'shaw');
INSERT INTO `sport_meeting_management_system`.`player` VALUES ('119010148', 'myc', 'male', 'diligentia');
INSERT INTO `sport_meeting_management_system`.`player` VALUES ('119010149', 'bez', 'male', 'muse');
INSERT INTO `sport_meeting_management_system`.`player` VALUES ('119010150', 'gfh', 'male', 'harmonia');
INSERT INTO `sport_meeting_management_system`.`player` VALUES ('119010151', 'noe', 'male', 'shaw');
INSERT INTO `sport_meeting_management_system`.`player` VALUES ('119010152', 'ywp', 'male', 'diligentia');
INSERT INTO `sport_meeting_management_system`.`player` VALUES ('119010153', 'nuy', 'male', 'muse');
INSERT INTO `sport_meeting_management_system`.`player` VALUES ('119010154', 'qvn', 'male', 'harmonia');
INSERT INTO `sport_meeting_management_system`.`player` VALUES ('119010155', 'nej', 'male', 'shaw');
INSERT INTO `sport_meeting_management_system`.`player` VALUES ('119010156', 'veb', 'male', 'diligentia');
INSERT INTO `sport_meeting_management_system`.`player` VALUES ('119010157', 'dbx', 'male', 'muse');
INSERT INTO `sport_meeting_management_system`.`player` VALUES ('119010158', 'blq', 'male', 'harmonia');
INSERT INTO `sport_meeting_management_system`.`player` VALUES ('119010159', 'jwp', 'male', 'shaw');
INSERT INTO `sport_meeting_management_system`.`player` VALUES ('119010400', 'xaq', 'male', 'diligentia');
INSERT INTO `sport_meeting_management_system`.`player` VALUES ('119010401', 'osd', 'male', 'muse');
INSERT INTO `sport_meeting_management_system`.`player` VALUES ('119010402', 'oca', 'male', 'harmonia');
INSERT INTO `sport_meeting_management_system`.`player` VALUES ('119010403', 'uez', 'male', 'shaw');
INSERT INTO `sport_meeting_management_system`.`player` VALUES ('119010404', 'gqg', 'male', 'diligentia');
INSERT INTO `sport_meeting_management_system`.`player` VALUES ('119010405', 'nlx', 'male', 'muse');
INSERT INTO `sport_meeting_management_system`.`player` VALUES ('119010406', 'lkg', 'male', 'harmonia');
INSERT INTO `sport_meeting_management_system`.`player` VALUES ('119010407', 'ygq', 'male', 'shaw');
INSERT INTO `sport_meeting_management_system`.`player` VALUES ('119010408', 'lyv', 'male', 'diligentia');
INSERT INTO `sport_meeting_management_system`.`player` VALUES ('119010409', 'fiz', 'male', 'muse');
INSERT INTO `sport_meeting_management_system`.`player` VALUES ('119010410', 'wtc', 'male', 'harmonia');
INSERT INTO `sport_meeting_management_system`.`player` VALUES ('119010411', 'xvw', 'male', 'shaw');
INSERT INTO `sport_meeting_management_system`.`player` VALUES ('119010412', 'twk', 'male', 'diligentia');
INSERT INTO `sport_meeting_management_system`.`player` VALUES ('119010413', 'eza', 'male', 'muse');
INSERT INTO `sport_meeting_management_system`.`player` VALUES ('119010414', 'fge', 'male', 'harmonia');
INSERT INTO `sport_meeting_management_system`.`player` VALUES ('119010415', 'dfj', 'male', 'shaw');
INSERT INTO `sport_meeting_management_system`.`player` VALUES ('119010416', 'ryw', 'male', 'diligentia');
INSERT INTO `sport_meeting_management_system`.`player` VALUES ('119010417', 'hbu', 'male', 'muse');
INSERT INTO `sport_meeting_management_system`.`player` VALUES ('119010418', 'kqv', 'male', 'harmonia');
INSERT INTO `sport_meeting_management_system`.`player` VALUES ('119010419', 'ipw', 'male', 'shaw');
INSERT INTO `sport_meeting_management_system`.`player` VALUES ('119010420', 'wpy', 'male', 'diligentia');
INSERT INTO `sport_meeting_management_system`.`player` VALUES ('119010421', 'msc', 'male', 'muse');
INSERT INTO `sport_meeting_management_system`.`player` VALUES ('119010422', 'yjx', 'male', 'harmonia');
INSERT INTO `sport_meeting_management_system`.`player` VALUES ('119010423', 'nlo', 'male', 'shaw');
INSERT INTO `sport_meeting_management_system`.`player` VALUES ('119010424', 'mvf', 'male', 'diligentia');
INSERT INTO `sport_meeting_management_system`.`player` VALUES ('119010425', 'zny', 'male', 'muse');
INSERT INTO `sport_meeting_management_system`.`player` VALUES ('119010426', 'bnf', 'male', 'harmonia');
INSERT INTO `sport_meeting_management_system`.`player` VALUES ('119010427', 'srn', 'male', 'shaw');
INSERT INTO `sport_meeting_management_system`.`player` VALUES ('119010428', 'pcu', 'male', 'diligentia');
INSERT INTO `sport_meeting_management_system`.`player` VALUES ('119010429', 'tbp', 'male', 'muse');
INSERT INTO `sport_meeting_management_system`.`player` VALUES ('119010430', 'npo', 'male', 'harmonia');
INSERT INTO `sport_meeting_management_system`.`player` VALUES ('119010431', 'eqh', 'male', 'shaw');
INSERT INTO `sport_meeting_management_system`.`player` VALUES ('119010432', 'syl', 'male', 'diligentia');
INSERT INTO `sport_meeting_management_system`.`player` VALUES ('119010433', 'hmy', 'male', 'muse');
INSERT INTO `sport_meeting_management_system`.`player` VALUES ('119010434', 'fwl', 'male', 'harmonia');
INSERT INTO `sport_meeting_management_system`.`player` VALUES ('119010435', 'rqt', 'male', 'shaw');
INSERT INTO `sport_meeting_management_system`.`player` VALUES ('119010436', 'enn', 'male', 'diligentia');
INSERT INTO `sport_meeting_management_system`.`player` VALUES ('119010437', 'xwv', 'male', 'muse');
INSERT INTO `sport_meeting_management_system`.`player` VALUES ('119010438', 'yiu', 'male', 'harmonia');
INSERT INTO `sport_meeting_management_system`.`player` VALUES ('119010439', 'jex', 'male', 'shaw');
INSERT INTO `sport_meeting_management_system`.`player` VALUES ('119010440', 'fso', 'male', 'diligentia');
INSERT INTO `sport_meeting_management_system`.`player` VALUES ('119010441', 'exf', 'male', 'muse');
INSERT INTO `sport_meeting_management_system`.`player` VALUES ('119010442', 'wcm', 'male', 'harmonia');
INSERT INTO `sport_meeting_management_system`.`player` VALUES ('119010443', 'pfj', 'male', 'shaw');
INSERT INTO `sport_meeting_management_system`.`player` VALUES ('119010444', 'avz', 'male', 'diligentia');
INSERT INTO `sport_meeting_management_system`.`player` VALUES ('119010445', 'vdp', 'male', 'muse');
INSERT INTO `sport_meeting_management_system`.`player` VALUES ('119010446', 'xuj', 'male', 'harmonia');
INSERT INTO `sport_meeting_management_system`.`player` VALUES ('119010447', 'cjk', 'male', 'shaw');
INSERT INTO `sport_meeting_management_system`.`player` VALUES ('119010448', 'pwj', 'male', 'diligentia');
INSERT INTO `sport_meeting_management_system`.`player` VALUES ('119010449', 'ivc', 'male', 'muse');
INSERT INTO `sport_meeting_management_system`.`player` VALUES ('119010450', 'okx', 'male', 'harmonia');
INSERT INTO `sport_meeting_management_system`.`player` VALUES ('119010451', 'ukd', 'male', 'shaw');
INSERT INTO `sport_meeting_management_system`.`player` VALUES ('119010452', 'apj', 'male', 'diligentia');
INSERT INTO `sport_meeting_management_system`.`player` VALUES ('119010453', 'qxq', 'male', 'muse');
INSERT INTO `sport_meeting_management_system`.`player` VALUES ('119010454', 'pwg', 'male', 'harmonia');
INSERT INTO `sport_meeting_management_system`.`player` VALUES ('119010455', 'rwp', 'male', 'shaw');
INSERT INTO `sport_meeting_management_system`.`player` VALUES ('119010456', 'kit', 'male', 'diligentia');
INSERT INTO `sport_meeting_management_system`.`player` VALUES ('119010457', 'jmb', 'male', 'muse');
INSERT INTO `sport_meeting_management_system`.`player` VALUES ('119010458', 'paz', 'male', 'harmonia');
INSERT INTO `sport_meeting_management_system`.`player` VALUES ('119010459', 'tfs', 'male', 'shaw');
INSERT INTO `sport_meeting_management_system`.`player` VALUES ('119010460', 'ice', 'male', 'diligentia');
INSERT INTO `sport_meeting_management_system`.`player` VALUES ('119010461', 'exl', 'male', 'muse');
INSERT INTO `sport_meeting_management_system`.`player` VALUES ('119010462', 'cdu', 'male', 'harmonia');
INSERT INTO `sport_meeting_management_system`.`player` VALUES ('119010463', 'fko', 'male', 'shaw');
INSERT INTO `sport_meeting_management_system`.`player` VALUES ('119010464', 'wht', 'male', 'diligentia');
INSERT INTO `sport_meeting_management_system`.`player` VALUES ('119010465', 'jnq', 'male', 'muse');
INSERT INTO `sport_meeting_management_system`.`player` VALUES ('119010466', 'mth', 'male', 'harmonia');
INSERT INTO `sport_meeting_management_system`.`player` VALUES ('119010467', 'rzn', 'male', 'shaw');
INSERT INTO `sport_meeting_management_system`.`player` VALUES ('119010468', 'hjo', 'male', 'diligentia');
INSERT INTO `sport_meeting_management_system`.`player` VALUES ('119010469', 'zga', 'male', 'muse');
INSERT INTO `sport_meeting_management_system`.`player` VALUES ('119010470', 'ijz', 'male', 'harmonia');
INSERT INTO `sport_meeting_management_system`.`player` VALUES ('119010471', 'rux', 'male', 'shaw');
INSERT INTO `sport_meeting_management_system`.`player` VALUES ('119010472', 'nwx', 'male', 'diligentia');
INSERT INTO `sport_meeting_management_system`.`player` VALUES ('119010473', 'zsm', 'male', 'muse');
INSERT INTO `sport_meeting_management_system`.`player` VALUES ('119010474', 'lzo', 'male', 'harmonia');
INSERT INTO `sport_meeting_management_system`.`player` VALUES ('119010475', 'odj', 'male', 'shaw');
INSERT INTO `sport_meeting_management_system`.`player` VALUES ('119010476', 'jsv', 'male', 'diligentia');
INSERT INTO `sport_meeting_management_system`.`player` VALUES ('119010477', 'sps', 'male', 'muse');
INSERT INTO `sport_meeting_management_system`.`player` VALUES ('119010478', 'akd', 'male', 'harmonia');
INSERT INTO `sport_meeting_management_system`.`player` VALUES ('119010479', 'tcd', 'male', 'shaw');
INSERT INTO `sport_meeting_management_system`.`player` VALUES ('119010480', 'dle', 'male', 'diligentia');
INSERT INTO `sport_meeting_management_system`.`player` VALUES ('119010481', 'lre', 'male', 'muse');
INSERT INTO `sport_meeting_management_system`.`player` VALUES ('119010482', 'phq', 'male', 'harmonia');
INSERT INTO `sport_meeting_management_system`.`player` VALUES ('119010483', 'qsr', 'male', 'shaw');
INSERT INTO `sport_meeting_management_system`.`player` VALUES ('119010484', 'ywa', 'male', 'diligentia');
INSERT INTO `sport_meeting_management_system`.`player` VALUES ('119010485', 'fwd', 'male', 'muse');
INSERT INTO `sport_meeting_management_system`.`player` VALUES ('119010486', 'ymw', 'male', 'harmonia');
INSERT INTO `sport_meeting_management_system`.`player` VALUES ('119010487', 'ikb', 'male', 'shaw');
INSERT INTO `sport_meeting_management_system`.`player` VALUES ('119010488', 'jln', 'male', 'diligentia');
INSERT INTO `sport_meeting_management_system`.`player` VALUES ('119010489', 'onx', 'male', 'muse');
INSERT INTO `sport_meeting_management_system`.`player` VALUES ('119010490', 'ink', 'male', 'harmonia');
INSERT INTO `sport_meeting_management_system`.`player` VALUES ('119010491', 'nel', 'male', 'shaw');
INSERT INTO `sport_meeting_management_system`.`player` VALUES ('119010492', 'gme', 'male', 'diligentia');
INSERT INTO `sport_meeting_management_system`.`player` VALUES ('119010493', 'nlo', 'male', 'muse');
INSERT INTO `sport_meeting_management_system`.`player` VALUES ('119010494', 'kry', 'male', 'harmonia');
INSERT INTO `sport_meeting_management_system`.`player` VALUES ('119010495', 'mko', 'male', 'shaw');
INSERT INTO `sport_meeting_management_system`.`player` VALUES ('119010496', 'dln', 'male', 'diligentia');
INSERT INTO `sport_meeting_management_system`.`player` VALUES ('119010497', 'vkj', 'male', 'muse');
INSERT INTO `sport_meeting_management_system`.`player` VALUES ('119010498', 'ppg', 'male', 'harmonia');
INSERT INTO `sport_meeting_management_system`.`player` VALUES ('119010499', 'hyt', 'male', 'shaw');
INSERT INTO `sport_meeting_management_system`.`player` VALUES ('119010500', 'osz', 'male', 'diligentia');
INSERT INTO `sport_meeting_management_system`.`player` VALUES ('119010501', 'ksa', 'male', 'muse');
INSERT INTO `sport_meeting_management_system`.`player` VALUES ('119010502', 'plv', 'male', 'harmonia');
INSERT INTO `sport_meeting_management_system`.`player` VALUES ('119010503', 'cxe', 'male', 'shaw');
INSERT INTO `sport_meeting_management_system`.`player` VALUES ('119010504', 'pcm', 'male', 'diligentia');
INSERT INTO `sport_meeting_management_system`.`player` VALUES ('119010505', 'hwx', 'male', 'muse');
INSERT INTO `sport_meeting_management_system`.`player` VALUES ('119010506', 'tee', 'male', 'harmonia');
INSERT INTO `sport_meeting_management_system`.`player` VALUES ('119010507', 'kdf', 'male', 'shaw');
INSERT INTO `sport_meeting_management_system`.`player` VALUES ('119010508', 'vgr', 'male', 'diligentia');
INSERT INTO `sport_meeting_management_system`.`player` VALUES ('119010509', 'qee', 'male', 'muse');
INSERT INTO `sport_meeting_management_system`.`player` VALUES ('119010510', 'xox', 'male', 'harmonia');
INSERT INTO `sport_meeting_management_system`.`player` VALUES ('119010511', 'hmv', 'male', 'shaw');
INSERT INTO `sport_meeting_management_system`.`player` VALUES ('119010512', 'vyr', 'male', 'diligentia');
INSERT INTO `sport_meeting_management_system`.`player` VALUES ('119010513', 'rie', 'male', 'muse');
INSERT INTO `sport_meeting_management_system`.`player` VALUES ('119010514', 'uvl', 'male', 'harmonia');
INSERT INTO `sport_meeting_management_system`.`player` VALUES ('119010515', 'nba', 'male', 'shaw');
INSERT INTO `sport_meeting_management_system`.`player` VALUES ('119010516', 'mjs', 'male', 'diligentia');
INSERT INTO `sport_meeting_management_system`.`player` VALUES ('119010517', 'mlm', 'male', 'muse');
INSERT INTO `sport_meeting_management_system`.`player` VALUES ('119010518', 'ohg', 'male', 'harmonia');
INSERT INTO `sport_meeting_management_system`.`player` VALUES ('119010519', 'xqk', 'male', 'shaw');
INSERT INTO `sport_meeting_management_system`.`player` VALUES ('119010520', 'vpj', 'male', 'diligentia');
INSERT INTO `sport_meeting_management_system`.`player` VALUES ('119010521', 'wcm', 'male', 'muse');
INSERT INTO `sport_meeting_management_system`.`player` VALUES ('119010522', 'bdz', 'male', 'harmonia');
INSERT INTO `sport_meeting_management_system`.`player` VALUES ('119010523', 'ors', 'male', 'shaw');
INSERT INTO `sport_meeting_management_system`.`player` VALUES ('119010524', 'yxu', 'male', 'diligentia');
INSERT INTO `sport_meeting_management_system`.`player` VALUES ('119010525', 'jvu', 'male', 'muse');
INSERT INTO `sport_meeting_management_system`.`player` VALUES ('119010526', 'icx', 'male', 'harmonia');
INSERT INTO `sport_meeting_management_system`.`player` VALUES ('119010527', 'lgf', 'male', 'shaw');
INSERT INTO `sport_meeting_management_system`.`player` VALUES ('119010528', 'fel', 'male', 'diligentia');
INSERT INTO `sport_meeting_management_system`.`player` VALUES ('119010529', 'rly', 'male', 'muse');
INSERT INTO `sport_meeting_management_system`.`player` VALUES ('119010530', 'ahh', 'male', 'harmonia');
INSERT INTO `sport_meeting_management_system`.`player` VALUES ('119010531', 'bha', 'male', 'shaw');
INSERT INTO `sport_meeting_management_system`.`player` VALUES ('119010532', 'spc', 'male', 'diligentia');
INSERT INTO `sport_meeting_management_system`.`player` VALUES ('119010533', 'cbc', 'male', 'muse');
INSERT INTO `sport_meeting_management_system`.`player` VALUES ('119010534', 'ucn', 'male', 'harmonia');
INSERT INTO `sport_meeting_management_system`.`player` VALUES ('119010535', 'olq', 'male', 'shaw');
INSERT INTO `sport_meeting_management_system`.`player` VALUES ('119010536', 'tuo', 'male', 'diligentia');
INSERT INTO `sport_meeting_management_system`.`player` VALUES ('119010537', 'nwm', 'male', 'muse');
INSERT INTO `sport_meeting_management_system`.`player` VALUES ('119010538', 'slt', 'male', 'harmonia');
INSERT INTO `sport_meeting_management_system`.`player` VALUES ('119010539', 'jnl', 'male', 'shaw');
INSERT INTO `sport_meeting_management_system`.`player` VALUES ('119010540', 'mco', 'male', 'diligentia');
INSERT INTO `sport_meeting_management_system`.`player` VALUES ('119010541', 'gdw', 'male', 'muse');
INSERT INTO `sport_meeting_management_system`.`player` VALUES ('119010542', 'fog', 'male', 'harmonia');
INSERT INTO `sport_meeting_management_system`.`player` VALUES ('119010543', 'xle', 'male', 'shaw');
INSERT INTO `sport_meeting_management_system`.`player` VALUES ('119010544', 'ncv', 'male', 'diligentia');
INSERT INTO `sport_meeting_management_system`.`player` VALUES ('119010545', 'sjb', 'male', 'muse');
INSERT INTO `sport_meeting_management_system`.`player` VALUES ('119010546', 'cyr', 'male', 'harmonia');
INSERT INTO `sport_meeting_management_system`.`player` VALUES ('119010547', 'kdl', 'male', 'shaw');
INSERT INTO `sport_meeting_management_system`.`player` VALUES ('119010548', 'nsh', 'male', 'diligentia');
INSERT INTO `sport_meeting_management_system`.`player` VALUES ('119010549', 'uvf', 'male', 'muse');
INSERT INTO `sport_meeting_management_system`.`player` VALUES ('119010550', 'jxv', 'male', 'harmonia');
INSERT INTO `sport_meeting_management_system`.`player` VALUES ('119010551', 'dxi', 'male', 'shaw');
INSERT INTO `sport_meeting_management_system`.`player` VALUES ('119010552', 'amd', 'male', 'diligentia');
INSERT INTO `sport_meeting_management_system`.`player` VALUES ('119010553', 'puq', 'male', 'muse');
INSERT INTO `sport_meeting_management_system`.`player` VALUES ('119010554', 'ucz', 'male', 'harmonia');
INSERT INTO `sport_meeting_management_system`.`player` VALUES ('119010555', 'zlm', 'male', 'shaw');
INSERT INTO `sport_meeting_management_system`.`player` VALUES ('119010556', 'see', 'male', 'diligentia');
INSERT INTO `sport_meeting_management_system`.`player` VALUES ('119010557', 'hie', 'male', 'muse');
INSERT INTO `sport_meeting_management_system`.`player` VALUES ('119010558', 'lwf', 'male', 'harmonia');
INSERT INTO `sport_meeting_management_system`.`player` VALUES ('119010559', 'nzm', 'male', 'shaw');


INSERT INTO `sport_meeting_management_system`.`org_comm` (`Org_comm_id`, `Org_comm_name`) VALUES ('1', 'Zhangsan');
INSERT INTO `sport_meeting_management_system`.`org_comm` (`Org_comm_id`, `Org_comm_name`) VALUES ('2', 'Lisi');
INSERT INTO `sport_meeting_management_system`.`org_comm` (`Org_comm_id`, `Org_comm_name`) VALUES ('3', 'Wangwu');

INSERT INTO `sport_meeting_management_system`.`field_org` (`Field_name`, `Org_comm_id`) VALUES ('LG_sports_center', '1');
INSERT INTO `sport_meeting_management_system`.`field_org` (`Field_name`, `Org_comm_id`) VALUES ('track', '2');
INSERT INTO `sport_meeting_management_system`.`field_org` (`Field_name`, `Org_comm_id`) VALUES ('dayun', '3');

INSERT INTO `sport_meeting_management_system`.`field_time` (`Available_starting_time`, `Available_ending_time`, `Field_name`) VALUES ('2021-04-26 13:00:00', '2021-04-26 15:00:00', 'track');

INSERT INTO `sport_meeting_management_system`.`event` (`Event_name`, `Category`, `Round`, `Starting_time`, `Ending_time`, `Field_name`) VALUES ('100m', 'male', '1', '2021-04-27 10:00:00 ', '2021-04-27 12:00:00', 'track');
INSERT INTO `sport_meeting_management_system`.`event` (`Event_name`, `Category`, `Round`, `Starting_time`, `Ending_time`, `Field_name`) VALUES ('100m', 'female', '1', '2021-04-27 15:00:00 ', '2021-04-27 17:00:00', 'track');
INSERT INTO `sport_meeting_management_system`.`event` (`Event_name`, `Category`, `Round`, `Starting_time`, `Ending_time`, `Field_name`) VALUES ('400m', 'male', '1', '2021-04-28 10:00:00 ', '2021-04-28 12:00:00', 'dayun');
INSERT INTO `sport_meeting_management_system`.`event` (`Event_name`, `Category`, `Round`, `Starting_time`, `Ending_time`, `Field_name`) VALUES ('400m', 'female', '1', '2021-04-28 15:00:00', '2021-04-28 17:00:00', 'dayun');
INSERT INTO `sport_meeting_management_system`.`event` (`Event_name`, `Category`, `Round`, `Starting_time`, `Ending_time`, `Field_name`) VALUES ('800m', 'male', '1', '2021-04-29 10:00:00 ', '2021-04-29 12:00:00', 'dayun');
INSERT INTO `sport_meeting_management_system`.`event` (`Event_name`, `Category`, `Round`, `Starting_time`, `Ending_time`, `Field_name`) VALUES ('800m', 'female', '1', '2021-04-29 15:00:00 ', '2021-04-29 17:00:00', 'dayun');
INSERT INTO `sport_meeting_management_system`.`event` (`Event_name`, `Category`, `Round`, `Starting_time`, `Ending_time`, `Field_name`) VALUES ('highjump', 'male', '1', '2021-05-04 09:00:00 ', '2021-05-04 11:00:00', 'LG_sports_center');
INSERT INTO `sport_meeting_management_system`.`event` (`Event_name`, `Category`, `Round`, `Starting_time`, `Ending_time`, `Field_name`) VALUES ('highjump', 'female', '1', '2021-05-04 14:00:00 ', '2021-05-04 16:00:00', 'LG_sports_center');
INSERT INTO `sport_meeting_management_system`.`event` (`Event_name`, `Category`, `Round`, `Starting_time`, `Ending_time`, `Field_name`) VALUES ('100m', 'male', '2', '2021-04-27 10:00:00 ', '2021-04-27 12:00:00', 'track');
INSERT INTO `sport_meeting_management_system`.`event` (`Event_name`, `Category`, `Round`, `Starting_time`, `Ending_time`, `Field_name`) VALUES ('100m', 'female', '2', '2021-04-27 15:00:00 ', '2021-04-27 17:00:00', 'track');
INSERT INTO `sport_meeting_management_system`.`event` (`Event_name`, `Category`, `Round`, `Starting_time`, `Ending_time`, `Field_name`) VALUES ('400m', 'male', '2', '2021-04-28 10:00:00 ', '2021-04-28 12:00:00', 'dayun');
INSERT INTO `sport_meeting_management_system`.`event` (`Event_name`, `Category`, `Round`, `Starting_time`, `Ending_time`, `Field_name`) VALUES ('400m', 'female', '2', '2021-04-28 15:00:00', '2021-04-28 17:00:00', 'dayun');
INSERT INTO `sport_meeting_management_system`.`event` (`Event_name`, `Category`, `Round`, `Starting_time`, `Ending_time`, `Field_name`) VALUES ('800m', 'male', '2', '2021-04-29 10:00:00 ', '2021-04-29 12:00:00', 'dayun');
INSERT INTO `sport_meeting_management_system`.`event` (`Event_name`, `Category`, `Round`, `Starting_time`, `Ending_time`, `Field_name`) VALUES ('800m', 'female', '2', '2021-04-29 15:00:00 ', '2021-04-29 17:00:00', 'dayun');
INSERT INTO `sport_meeting_management_system`.`event` (`Event_name`, `Category`, `Round`, `Starting_time`, `Ending_time`, `Field_name`) VALUES ('highjump', 'male', '2', '2021-05-04 09:00:00 ', '2021-05-04 11:00:00', 'LG_sports_center');
INSERT INTO `sport_meeting_management_system`.`event` (`Event_name`, `Category`, `Round`, `Starting_time`, `Ending_time`, `Field_name`) VALUES ('highjump', 'female', '2', '2021-05-04 14:00:00 ', '2021-05-04 16:00:00', 'LG_sports_center');
INSERT INTO `sport_meeting_management_system`.`event` (`Event_name`, `Category`, `Round`, `Starting_time`, `Ending_time`, `Field_name`) VALUES ('100m', 'male', '3', '2021-04-27 10:00:00 ', '2021-04-27 12:00:00', 'track');
INSERT INTO `sport_meeting_management_system`.`event` (`Event_name`, `Category`, `Round`, `Starting_time`, `Ending_time`, `Field_name`) VALUES ('100m', 'female', '3', '2021-04-27 15:00:00 ', '2021-04-27 17:00:00', 'track');
INSERT INTO `sport_meeting_management_system`.`event` (`Event_name`, `Category`, `Round`, `Starting_time`, `Ending_time`, `Field_name`) VALUES ('400m', 'male', '3', '2021-04-28 10:00:00 ', '2021-04-28 12:00:00', 'dayun');
INSERT INTO `sport_meeting_management_system`.`event` (`Event_name`, `Category`, `Round`, `Starting_time`, `Ending_time`, `Field_name`) VALUES ('400m', 'female', '3', '2021-04-28 15:00:00', '2021-04-28 17:00:00', 'dayun');
INSERT INTO `sport_meeting_management_system`.`event` (`Event_name`, `Category`, `Round`, `Starting_time`, `Ending_time`, `Field_name`) VALUES ('800m', 'male', '3', '2021-04-29 10:00:00 ', '2021-04-29 12:00:00', 'dayun');
INSERT INTO `sport_meeting_management_system`.`event` (`Event_name`, `Category`, `Round`, `Starting_time`, `Ending_time`, `Field_name`) VALUES ('800m', 'female', '3', '2021-04-29 15:00:00 ', '2021-04-29 17:00:00', 'dayun');
INSERT INTO `sport_meeting_management_system`.`event` (`Event_name`, `Category`, `Round`, `Starting_time`, `Ending_time`, `Field_name`) VALUES ('highjump', 'male', '3', '2021-05-04 09:00:00 ', '2021-05-04 11:00:00', 'LG_sports_center');
INSERT INTO `sport_meeting_management_system`.`event` (`Event_name`, `Category`, `Round`, `Starting_time`, `Ending_time`, `Field_name`) VALUES ('highjump', 'female', '3', '2021-05-04 14:00:00 ', '2021-05-04 16:00:00', 'LG_sports_center');

INSERT INTO `sport_meeting_management_system`.`event_has_player` VALUES ('highjump', 'female', '1', '119010423');
INSERT INTO `sport_meeting_management_system`.`event_has_player` VALUES ('highjump', 'female', '1', '119010422');
INSERT INTO `sport_meeting_management_system`.`event_has_player` VALUES ('highjump', 'female', '1', '119010421');
INSERT INTO `sport_meeting_management_system`.`event_has_player` VALUES ('highjump', 'female', '1', '119010419');
INSERT INTO `sport_meeting_management_system`.`event_has_player` VALUES ('highjump', 'female', '1', '119010413');
INSERT INTO `sport_meeting_management_system`.`event_has_player` VALUES ('800m', 'male', '1', '119010153');
INSERT INTO `sport_meeting_management_system`.`event_has_player` VALUES ('800m', 'male', '1', '119010149');
INSERT INTO `sport_meeting_management_system`.`event_has_player` VALUES ('800m', 'male', '1', '119010147');
INSERT INTO `sport_meeting_management_system`.`event_has_player` VALUES ('800m', 'male', '1', '119010146');
INSERT INTO `sport_meeting_management_system`.`event_has_player` VALUES ('800m', 'male', '1', '119010145');
INSERT INTO `sport_meeting_management_system`.`event_has_player` VALUES ('800m', 'male', '1', '119010136');
INSERT INTO `sport_meeting_management_system`.`event_has_player` VALUES ('800m', 'male', '1', '119010130');
INSERT INTO `sport_meeting_management_system`.`event_has_player` VALUES ('800m', 'male', '1', '119010122');
INSERT INTO `sport_meeting_management_system`.`event_has_player` VALUES ('800m', 'male', '1', '119010120');
INSERT INTO `sport_meeting_management_system`.`event_has_player` VALUES ('800m', 'male', '1', '119010118');
INSERT INTO `sport_meeting_management_system`.`event_has_player` VALUES ('800m', 'male', '1', '119010113');
INSERT INTO `sport_meeting_management_system`.`event_has_player` VALUES ('800m', 'male', '1', '119010099');
INSERT INTO `sport_meeting_management_system`.`event_has_player` VALUES ('800m', 'male', '1', '119010094');
INSERT INTO `sport_meeting_management_system`.`event_has_player` VALUES ('800m', 'male', '1', '119010092');
INSERT INTO `sport_meeting_management_system`.`event_has_player` VALUES ('800m', 'male', '1', '119010087');
INSERT INTO `sport_meeting_management_system`.`event_has_player` VALUES ('800m', 'male', '1', '119010084');
INSERT INTO `sport_meeting_management_system`.`event_has_player` VALUES ('800m', 'male', '1', '119010081');
INSERT INTO `sport_meeting_management_system`.`event_has_player` VALUES ('800m', 'male', '1', '119010078');
INSERT INTO `sport_meeting_management_system`.`event_has_player` VALUES ('800m', 'male', '1', '119010076');
INSERT INTO `sport_meeting_management_system`.`event_has_player` VALUES ('800m', 'male', '1', '119010075');
INSERT INTO `sport_meeting_management_system`.`event_has_player` VALUES ('800m', 'male', '1', '119010073');
INSERT INTO `sport_meeting_management_system`.`event_has_player` VALUES ('800m', 'male', '1', '119010072');
INSERT INTO `sport_meeting_management_system`.`event_has_player` VALUES ('800m', 'male', '1', '119010060');
INSERT INTO `sport_meeting_management_system`.`event_has_player` VALUES ('800m', 'male', '1', '119010055');
INSERT INTO `sport_meeting_management_system`.`event_has_player` VALUES ('800m', 'male', '1', '119010052');
INSERT INTO `sport_meeting_management_system`.`event_has_player` VALUES ('800m', 'male', '1', '119010045');
INSERT INTO `sport_meeting_management_system`.`event_has_player` VALUES ('800m', 'male', '1', '119010035');
INSERT INTO `sport_meeting_management_system`.`event_has_player` VALUES ('800m', 'male', '1', '119010030');
INSERT INTO `sport_meeting_management_system`.`event_has_player` VALUES ('800m', 'male', '1', '119010021');
INSERT INTO `sport_meeting_management_system`.`event_has_player` VALUES ('800m', 'male', '1', '119010014');
INSERT INTO `sport_meeting_management_system`.`event_has_player` VALUES ('800m', 'male', '1', '119010010');
INSERT INTO `sport_meeting_management_system`.`event_has_player` VALUES ('800m', 'male', '1', '119010002');
INSERT INTO `sport_meeting_management_system`.`event_has_player` VALUES ('800m', 'female', '1', '119010554');
INSERT INTO `sport_meeting_management_system`.`event_has_player` VALUES ('800m', 'female', '1', '119010550');
INSERT INTO `sport_meeting_management_system`.`event_has_player` VALUES ('800m', 'female', '1', '119010548');
INSERT INTO `sport_meeting_management_system`.`event_has_player` VALUES ('800m', 'female', '1', '119010536');
INSERT INTO `sport_meeting_management_system`.`event_has_player` VALUES ('800m', 'female', '1', '119010535');
INSERT INTO `sport_meeting_management_system`.`event_has_player` VALUES ('800m', 'female', '1', '119010530');
INSERT INTO `sport_meeting_management_system`.`event_has_player` VALUES ('800m', 'female', '1', '119010529');
INSERT INTO `sport_meeting_management_system`.`event_has_player` VALUES ('800m', 'female', '1', '119010526');
INSERT INTO `sport_meeting_management_system`.`event_has_player` VALUES ('800m', 'female', '1', '119010521');
INSERT INTO `sport_meeting_management_system`.`event_has_player` VALUES ('800m', 'female', '1', '119010516');
INSERT INTO `sport_meeting_management_system`.`event_has_player` VALUES ('800m', 'female', '1', '119010513');
INSERT INTO `sport_meeting_management_system`.`event_has_player` VALUES ('800m', 'female', '1', '119010511');
INSERT INTO `sport_meeting_management_system`.`event_has_player` VALUES ('800m', 'female', '1', '119010510');
INSERT INTO `sport_meeting_management_system`.`event_has_player` VALUES ('800m', 'female', '1', '119010500');
INSERT INTO `sport_meeting_management_system`.`event_has_player` VALUES ('800m', 'female', '1', '119010488');
INSERT INTO `sport_meeting_management_system`.`event_has_player` VALUES ('800m', 'female', '1', '119010484');
INSERT INTO `sport_meeting_management_system`.`event_has_player` VALUES ('800m', 'female', '1', '119010480');
INSERT INTO `sport_meeting_management_system`.`event_has_player` VALUES ('800m', 'female', '1', '119010479');
INSERT INTO `sport_meeting_management_system`.`event_has_player` VALUES ('800m', 'female', '1', '119010477');
INSERT INTO `sport_meeting_management_system`.`event_has_player` VALUES ('800m', 'female', '1', '119010474');
INSERT INTO `sport_meeting_management_system`.`event_has_player` VALUES ('800m', 'female', '1', '119010464');
INSERT INTO `sport_meeting_management_system`.`event_has_player` VALUES ('800m', 'female', '1', '119010461');
INSERT INTO `sport_meeting_management_system`.`event_has_player` VALUES ('800m', 'female', '1', '119010459');
INSERT INTO `sport_meeting_management_system`.`event_has_player` VALUES ('800m', 'female', '1', '119010458');
INSERT INTO `sport_meeting_management_system`.`event_has_player` VALUES ('800m', 'female', '1', '119010445');
INSERT INTO `sport_meeting_management_system`.`event_has_player` VALUES ('800m', 'female', '1', '119010441');
INSERT INTO `sport_meeting_management_system`.`event_has_player` VALUES ('800m', 'female', '1', '119010433');
INSERT INTO `sport_meeting_management_system`.`event_has_player` VALUES ('800m', 'female', '1', '119010430');
INSERT INTO `sport_meeting_management_system`.`event_has_player` VALUES ('800m', 'female', '1', '119010419');
INSERT INTO `sport_meeting_management_system`.`event_has_player` VALUES ('800m', 'female', '1', '119010404');
INSERT INTO `sport_meeting_management_system`.`event_has_player` VALUES ('400m', 'male', '1', '119010153');
INSERT INTO `sport_meeting_management_system`.`event_has_player` VALUES ('400m', 'male', '1', '119010151');
INSERT INTO `sport_meeting_management_system`.`event_has_player` VALUES ('400m', 'male', '1', '119010150');
INSERT INTO `sport_meeting_management_system`.`event_has_player` VALUES ('400m', 'male', '1', '119010149');
INSERT INTO `sport_meeting_management_system`.`event_has_player` VALUES ('400m', 'male', '1', '119010148');
INSERT INTO `sport_meeting_management_system`.`event_has_player` VALUES ('400m', 'male', '1', '119010147');
INSERT INTO `sport_meeting_management_system`.`event_has_player` VALUES ('400m', 'male', '1', '119010146');
INSERT INTO `sport_meeting_management_system`.`event_has_player` VALUES ('400m', 'male', '1', '119010145');
INSERT INTO `sport_meeting_management_system`.`event_has_player` VALUES ('400m', 'male', '1', '119010143');
INSERT INTO `sport_meeting_management_system`.`event_has_player` VALUES ('400m', 'male', '1', '119010142');
INSERT INTO `sport_meeting_management_system`.`event_has_player` VALUES ('400m', 'male', '1', '119010141');
INSERT INTO `sport_meeting_management_system`.`event_has_player` VALUES ('400m', 'male', '1', '119010140');
INSERT INTO `sport_meeting_management_system`.`event_has_player` VALUES ('400m', 'male', '1', '119010137');
INSERT INTO `sport_meeting_management_system`.`event_has_player` VALUES ('400m', 'male', '1', '119010136');
INSERT INTO `sport_meeting_management_system`.`event_has_player` VALUES ('400m', 'male', '1', '119010135');
INSERT INTO `sport_meeting_management_system`.`event_has_player` VALUES ('400m', 'male', '1', '119010130');
INSERT INTO `sport_meeting_management_system`.`event_has_player` VALUES ('400m', 'male', '1', '119010128');
INSERT INTO `sport_meeting_management_system`.`event_has_player` VALUES ('400m', 'male', '1', '119010122');
INSERT INTO `sport_meeting_management_system`.`event_has_player` VALUES ('400m', 'male', '1', '119010120');
INSERT INTO `sport_meeting_management_system`.`event_has_player` VALUES ('400m', 'male', '1', '119010118');
INSERT INTO `sport_meeting_management_system`.`event_has_player` VALUES ('400m', 'male', '1', '119010115');
INSERT INTO `sport_meeting_management_system`.`event_has_player` VALUES ('400m', 'male', '1', '119010113');
INSERT INTO `sport_meeting_management_system`.`event_has_player` VALUES ('400m', 'male', '1', '119010110');
INSERT INTO `sport_meeting_management_system`.`event_has_player` VALUES ('400m', 'male', '1', '119010106');
INSERT INTO `sport_meeting_management_system`.`event_has_player` VALUES ('400m', 'male', '1', '119010099');
INSERT INTO `sport_meeting_management_system`.`event_has_player` VALUES ('400m', 'male', '1', '119010094');
INSERT INTO `sport_meeting_management_system`.`event_has_player` VALUES ('400m', 'male', '1', '119010092');
INSERT INTO `sport_meeting_management_system`.`event_has_player` VALUES ('400m', 'male', '1', '119010091');
INSERT INTO `sport_meeting_management_system`.`event_has_player` VALUES ('400m', 'male', '1', '119010089');
INSERT INTO `sport_meeting_management_system`.`event_has_player` VALUES ('400m', 'male', '1', '119010088');
INSERT INTO `sport_meeting_management_system`.`event_has_player` VALUES ('400m', 'male', '1', '119010087');
INSERT INTO `sport_meeting_management_system`.`event_has_player` VALUES ('400m', 'male', '1', '119010084');
INSERT INTO `sport_meeting_management_system`.`event_has_player` VALUES ('400m', 'male', '1', '119010083');
INSERT INTO `sport_meeting_management_system`.`event_has_player` VALUES ('400m', 'male', '1', '119010081');
INSERT INTO `sport_meeting_management_system`.`event_has_player` VALUES ('400m', 'male', '1', '119010078');
INSERT INTO `sport_meeting_management_system`.`event_has_player` VALUES ('400m', 'male', '1', '119010076');
INSERT INTO `sport_meeting_management_system`.`event_has_player` VALUES ('400m', 'male', '1', '119010075');
INSERT INTO `sport_meeting_management_system`.`event_has_player` VALUES ('400m', 'male', '1', '119010073');
INSERT INTO `sport_meeting_management_system`.`event_has_player` VALUES ('400m', 'male', '1', '119010072');
INSERT INTO `sport_meeting_management_system`.`event_has_player` VALUES ('400m', 'male', '1', '119010070');
INSERT INTO `sport_meeting_management_system`.`event_has_player` VALUES ('400m', 'male', '1', '119010067');
INSERT INTO `sport_meeting_management_system`.`event_has_player` VALUES ('400m', 'male', '1', '119010064');
INSERT INTO `sport_meeting_management_system`.`event_has_player` VALUES ('400m', 'male', '1', '119010060');
INSERT INTO `sport_meeting_management_system`.`event_has_player` VALUES ('400m', 'male', '1', '119010058');
INSERT INTO `sport_meeting_management_system`.`event_has_player` VALUES ('400m', 'male', '1', '119010057');
INSERT INTO `sport_meeting_management_system`.`event_has_player` VALUES ('400m', 'male', '1', '119010055');
INSERT INTO `sport_meeting_management_system`.`event_has_player` VALUES ('400m', 'male', '1', '119010052');
INSERT INTO `sport_meeting_management_system`.`event_has_player` VALUES ('400m', 'male', '1', '119010049');
INSERT INTO `sport_meeting_management_system`.`event_has_player` VALUES ('400m', 'male', '1', '119010045');
INSERT INTO `sport_meeting_management_system`.`event_has_player` VALUES ('400m', 'male', '1', '119010044');
INSERT INTO `sport_meeting_management_system`.`event_has_player` VALUES ('400m', 'male', '1', '119010035');
INSERT INTO `sport_meeting_management_system`.`event_has_player` VALUES ('400m', 'male', '1', '119010032');
INSERT INTO `sport_meeting_management_system`.`event_has_player` VALUES ('400m', 'male', '1', '119010031');
INSERT INTO `sport_meeting_management_system`.`event_has_player` VALUES ('400m', 'male', '1', '119010030');
INSERT INTO `sport_meeting_management_system`.`event_has_player` VALUES ('400m', 'male', '1', '119010027');
INSERT INTO `sport_meeting_management_system`.`event_has_player` VALUES ('400m', 'male', '1', '119010026');
INSERT INTO `sport_meeting_management_system`.`event_has_player` VALUES ('400m', 'male', '1', '119010024');
INSERT INTO `sport_meeting_management_system`.`event_has_player` VALUES ('400m', 'male', '1', '119010021');
INSERT INTO `sport_meeting_management_system`.`event_has_player` VALUES ('400m', 'male', '1', '119010016');
INSERT INTO `sport_meeting_management_system`.`event_has_player` VALUES ('400m', 'male', '1', '119010015');
INSERT INTO `sport_meeting_management_system`.`event_has_player` VALUES ('400m', 'male', '1', '119010014');
INSERT INTO `sport_meeting_management_system`.`event_has_player` VALUES ('400m', 'male', '1', '119010011');
INSERT INTO `sport_meeting_management_system`.`event_has_player` VALUES ('400m', 'male', '1', '119010010');
INSERT INTO `sport_meeting_management_system`.`event_has_player` VALUES ('400m', 'male', '1', '119010003');
INSERT INTO `sport_meeting_management_system`.`event_has_player` VALUES ('400m', 'male', '1', '119010002');
INSERT INTO `sport_meeting_management_system`.`event_has_player` VALUES ('400m', 'female', '1', '119010559');
INSERT INTO `sport_meeting_management_system`.`event_has_player` VALUES ('400m', 'female', '1', '119010554');
INSERT INTO `sport_meeting_management_system`.`event_has_player` VALUES ('400m', 'female', '1', '119010550');
INSERT INTO `sport_meeting_management_system`.`event_has_player` VALUES ('400m', 'female', '1', '119010549');
INSERT INTO `sport_meeting_management_system`.`event_has_player` VALUES ('400m', 'female', '1', '119010548');
INSERT INTO `sport_meeting_management_system`.`event_has_player` VALUES ('400m', 'female', '1', '119010546');
INSERT INTO `sport_meeting_management_system`.`event_has_player` VALUES ('400m', 'female', '1', '119010545');
INSERT INTO `sport_meeting_management_system`.`event_has_player` VALUES ('400m', 'female', '1', '119010541');
INSERT INTO `sport_meeting_management_system`.`event_has_player` VALUES ('400m', 'female', '1', '119010537');
INSERT INTO `sport_meeting_management_system`.`event_has_player` VALUES ('400m', 'female', '1', '119010536');
INSERT INTO `sport_meeting_management_system`.`event_has_player` VALUES ('400m', 'female', '1', '119010535');
INSERT INTO `sport_meeting_management_system`.`event_has_player` VALUES ('400m', 'female', '1', '119010534');
INSERT INTO `sport_meeting_management_system`.`event_has_player` VALUES ('400m', 'female', '1', '119010532');
INSERT INTO `sport_meeting_management_system`.`event_has_player` VALUES ('400m', 'female', '1', '119010531');
INSERT INTO `sport_meeting_management_system`.`event_has_player` VALUES ('400m', 'female', '1', '119010530');
INSERT INTO `sport_meeting_management_system`.`event_has_player` VALUES ('400m', 'female', '1', '119010529');
INSERT INTO `sport_meeting_management_system`.`event_has_player` VALUES ('400m', 'female', '1', '119010526');
INSERT INTO `sport_meeting_management_system`.`event_has_player` VALUES ('400m', 'female', '1', '119010524');
INSERT INTO `sport_meeting_management_system`.`event_has_player` VALUES ('400m', 'female', '1', '119010521');
INSERT INTO `sport_meeting_management_system`.`event_has_player` VALUES ('400m', 'female', '1', '119010516');
INSERT INTO `sport_meeting_management_system`.`event_has_player` VALUES ('400m', 'female', '1', '119010514');
INSERT INTO `sport_meeting_management_system`.`event_has_player` VALUES ('400m', 'female', '1', '119010513');
INSERT INTO `sport_meeting_management_system`.`event_has_player` VALUES ('400m', 'female', '1', '119010511');
INSERT INTO `sport_meeting_management_system`.`event_has_player` VALUES ('400m', 'female', '1', '119010510');
INSERT INTO `sport_meeting_management_system`.`event_has_player` VALUES ('400m', 'female', '1', '119010500');
INSERT INTO `sport_meeting_management_system`.`event_has_player` VALUES ('400m', 'female', '1', '119010489');
INSERT INTO `sport_meeting_management_system`.`event_has_player` VALUES ('400m', 'female', '1', '119010488');
INSERT INTO `sport_meeting_management_system`.`event_has_player` VALUES ('400m', 'female', '1', '119010486');
INSERT INTO `sport_meeting_management_system`.`event_has_player` VALUES ('400m', 'female', '1', '119010485');
INSERT INTO `sport_meeting_management_system`.`event_has_player` VALUES ('400m', 'female', '1', '119010484');
INSERT INTO `sport_meeting_management_system`.`event_has_player` VALUES ('400m', 'female', '1', '119010480');
INSERT INTO `sport_meeting_management_system`.`event_has_player` VALUES ('400m', 'female', '1', '119010479');
INSERT INTO `sport_meeting_management_system`.`event_has_player` VALUES ('400m', 'female', '1', '119010477');
INSERT INTO `sport_meeting_management_system`.`event_has_player` VALUES ('400m', 'female', '1', '119010476');
INSERT INTO `sport_meeting_management_system`.`event_has_player` VALUES ('400m', 'female', '1', '119010474');
INSERT INTO `sport_meeting_management_system`.`event_has_player` VALUES ('400m', 'female', '1', '119010473');
INSERT INTO `sport_meeting_management_system`.`event_has_player` VALUES ('400m', 'female', '1', '119010472');
INSERT INTO `sport_meeting_management_system`.`event_has_player` VALUES ('400m', 'female', '1', '119010471');
INSERT INTO `sport_meeting_management_system`.`event_has_player` VALUES ('400m', 'female', '1', '119010469');
INSERT INTO `sport_meeting_management_system`.`event_has_player` VALUES ('400m', 'female', '1', '119010467');
INSERT INTO `sport_meeting_management_system`.`event_has_player` VALUES ('400m', 'female', '1', '119010466');
INSERT INTO `sport_meeting_management_system`.`event_has_player` VALUES ('400m', 'female', '1', '119010464');
INSERT INTO `sport_meeting_management_system`.`event_has_player` VALUES ('400m', 'female', '1', '119010463');
INSERT INTO `sport_meeting_management_system`.`event_has_player` VALUES ('400m', 'female', '1', '119010461');
INSERT INTO `sport_meeting_management_system`.`event_has_player` VALUES ('400m', 'female', '1', '119010459');
INSERT INTO `sport_meeting_management_system`.`event_has_player` VALUES ('400m', 'female', '1', '119010458');
INSERT INTO `sport_meeting_management_system`.`event_has_player` VALUES ('400m', 'female', '1', '119010455');
INSERT INTO `sport_meeting_management_system`.`event_has_player` VALUES ('400m', 'female', '1', '119010453');
INSERT INTO `sport_meeting_management_system`.`event_has_player` VALUES ('400m', 'female', '1', '119010445');
INSERT INTO `sport_meeting_management_system`.`event_has_player` VALUES ('400m', 'female', '1', '119010441');
INSERT INTO `sport_meeting_management_system`.`event_has_player` VALUES ('400m', 'female', '1', '119010433');
INSERT INTO `sport_meeting_management_system`.`event_has_player` VALUES ('400m', 'female', '1', '119010430');
INSERT INTO `sport_meeting_management_system`.`event_has_player` VALUES ('400m', 'female', '1', '119010427');
INSERT INTO `sport_meeting_management_system`.`event_has_player` VALUES ('400m', 'female', '1', '119010425');
INSERT INTO `sport_meeting_management_system`.`event_has_player` VALUES ('400m', 'female', '1', '119010424');
INSERT INTO `sport_meeting_management_system`.`event_has_player` VALUES ('400m', 'female', '1', '119010423');
INSERT INTO `sport_meeting_management_system`.`event_has_player` VALUES ('400m', 'female', '1', '119010419');
INSERT INTO `sport_meeting_management_system`.`event_has_player` VALUES ('400m', 'female', '1', '119010412');
INSERT INTO `sport_meeting_management_system`.`event_has_player` VALUES ('400m', 'female', '1', '119010406');
INSERT INTO `sport_meeting_management_system`.`event_has_player` VALUES ('400m', 'female', '1', '119010404');
INSERT INTO `sport_meeting_management_system`.`event_has_player` VALUES ('100m', 'male', '1', '119010159');
INSERT INTO `sport_meeting_management_system`.`event_has_player` VALUES ('100m', 'male', '1', '119010158');
INSERT INTO `sport_meeting_management_system`.`event_has_player` VALUES ('100m', 'male', '1', '119010157');
INSERT INTO `sport_meeting_management_system`.`event_has_player` VALUES ('100m', 'male', '1', '119010155');
INSERT INTO `sport_meeting_management_system`.`event_has_player` VALUES ('100m', 'male', '1', '119010153');
INSERT INTO `sport_meeting_management_system`.`event_has_player` VALUES ('100m', 'male', '1', '119010151');
INSERT INTO `sport_meeting_management_system`.`event_has_player` VALUES ('100m', 'male', '1', '119010150');
INSERT INTO `sport_meeting_management_system`.`event_has_player` VALUES ('100m', 'male', '1', '119010149');
INSERT INTO `sport_meeting_management_system`.`event_has_player` VALUES ('100m', 'male', '1', '119010148');
INSERT INTO `sport_meeting_management_system`.`event_has_player` VALUES ('100m', 'male', '1', '119010147');
INSERT INTO `sport_meeting_management_system`.`event_has_player` VALUES ('100m', 'male', '1', '119010146');
INSERT INTO `sport_meeting_management_system`.`event_has_player` VALUES ('100m', 'male', '1', '119010145');
INSERT INTO `sport_meeting_management_system`.`event_has_player` VALUES ('100m', 'male', '1', '119010143');
INSERT INTO `sport_meeting_management_system`.`event_has_player` VALUES ('100m', 'male', '1', '119010142');
INSERT INTO `sport_meeting_management_system`.`event_has_player` VALUES ('100m', 'male', '1', '119010141');
INSERT INTO `sport_meeting_management_system`.`event_has_player` VALUES ('100m', 'male', '1', '119010140');
INSERT INTO `sport_meeting_management_system`.`event_has_player` VALUES ('100m', 'male', '1', '119010138');
INSERT INTO `sport_meeting_management_system`.`event_has_player` VALUES ('100m', 'male', '1', '119010137');
INSERT INTO `sport_meeting_management_system`.`event_has_player` VALUES ('100m', 'male', '1', '119010136');
INSERT INTO `sport_meeting_management_system`.`event_has_player` VALUES ('100m', 'male', '1', '119010135');
INSERT INTO `sport_meeting_management_system`.`event_has_player` VALUES ('100m', 'male', '1', '119010132');
INSERT INTO `sport_meeting_management_system`.`event_has_player` VALUES ('100m', 'male', '1', '119010130');
INSERT INTO `sport_meeting_management_system`.`event_has_player` VALUES ('100m', 'male', '1', '119010129');
INSERT INTO `sport_meeting_management_system`.`event_has_player` VALUES ('100m', 'male', '1', '119010128');
INSERT INTO `sport_meeting_management_system`.`event_has_player` VALUES ('100m', 'male', '1', '119010127');
INSERT INTO `sport_meeting_management_system`.`event_has_player` VALUES ('100m', 'male', '1', '119010124');
INSERT INTO `sport_meeting_management_system`.`event_has_player` VALUES ('100m', 'male', '1', '119010123');
INSERT INTO `sport_meeting_management_system`.`event_has_player` VALUES ('100m', 'male', '1', '119010122');
INSERT INTO `sport_meeting_management_system`.`event_has_player` VALUES ('100m', 'male', '1', '119010120');
INSERT INTO `sport_meeting_management_system`.`event_has_player` VALUES ('100m', 'male', '1', '119010118');
INSERT INTO `sport_meeting_management_system`.`event_has_player` VALUES ('100m', 'male', '1', '119010115');
INSERT INTO `sport_meeting_management_system`.`event_has_player` VALUES ('100m', 'male', '1', '119010113');
INSERT INTO `sport_meeting_management_system`.`event_has_player` VALUES ('100m', 'male', '1', '119010112');
INSERT INTO `sport_meeting_management_system`.`event_has_player` VALUES ('100m', 'male', '1', '119010110');
INSERT INTO `sport_meeting_management_system`.`event_has_player` VALUES ('100m', 'male', '1', '119010108');
INSERT INTO `sport_meeting_management_system`.`event_has_player` VALUES ('100m', 'male', '1', '119010106');
INSERT INTO `sport_meeting_management_system`.`event_has_player` VALUES ('100m', 'male', '1', '119010105');
INSERT INTO `sport_meeting_management_system`.`event_has_player` VALUES ('100m', 'male', '1', '119010104');
INSERT INTO `sport_meeting_management_system`.`event_has_player` VALUES ('100m', 'male', '1', '119010103');
INSERT INTO `sport_meeting_management_system`.`event_has_player` VALUES ('100m', 'male', '1', '119010102');
INSERT INTO `sport_meeting_management_system`.`event_has_player` VALUES ('100m', 'male', '1', '119010101');
INSERT INTO `sport_meeting_management_system`.`event_has_player` VALUES ('100m', 'male', '1', '119010100');
INSERT INTO `sport_meeting_management_system`.`event_has_player` VALUES ('100m', 'male', '1', '119010099');
INSERT INTO `sport_meeting_management_system`.`event_has_player` VALUES ('100m', 'male', '1', '119010098');
INSERT INTO `sport_meeting_management_system`.`event_has_player` VALUES ('100m', 'male', '1', '119010095');
INSERT INTO `sport_meeting_management_system`.`event_has_player` VALUES ('100m', 'male', '1', '119010094');
INSERT INTO `sport_meeting_management_system`.`event_has_player` VALUES ('100m', 'male', '1', '119010092');
INSERT INTO `sport_meeting_management_system`.`event_has_player` VALUES ('100m', 'male', '1', '119010091');
INSERT INTO `sport_meeting_management_system`.`event_has_player` VALUES ('100m', 'male', '1', '119010090');
INSERT INTO `sport_meeting_management_system`.`event_has_player` VALUES ('100m', 'male', '1', '119010089');
INSERT INTO `sport_meeting_management_system`.`event_has_player` VALUES ('100m', 'male', '1', '119010088');
INSERT INTO `sport_meeting_management_system`.`event_has_player` VALUES ('100m', 'male', '1', '119010087');
INSERT INTO `sport_meeting_management_system`.`event_has_player` VALUES ('100m', 'male', '1', '119010086');
INSERT INTO `sport_meeting_management_system`.`event_has_player` VALUES ('100m', 'male', '1', '119010085');
INSERT INTO `sport_meeting_management_system`.`event_has_player` VALUES ('100m', 'male', '1', '119010084');
INSERT INTO `sport_meeting_management_system`.`event_has_player` VALUES ('100m', 'male', '1', '119010083');
INSERT INTO `sport_meeting_management_system`.`event_has_player` VALUES ('100m', 'male', '1', '119010082');
INSERT INTO `sport_meeting_management_system`.`event_has_player` VALUES ('100m', 'male', '1', '119010081');
INSERT INTO `sport_meeting_management_system`.`event_has_player` VALUES ('100m', 'male', '1', '119010080');
INSERT INTO `sport_meeting_management_system`.`event_has_player` VALUES ('100m', 'male', '1', '119010079');
INSERT INTO `sport_meeting_management_system`.`event_has_player` VALUES ('100m', 'male', '1', '119010078');
INSERT INTO `sport_meeting_management_system`.`event_has_player` VALUES ('100m', 'male', '1', '119010077');
INSERT INTO `sport_meeting_management_system`.`event_has_player` VALUES ('100m', 'male', '1', '119010076');
INSERT INTO `sport_meeting_management_system`.`event_has_player` VALUES ('100m', 'male', '1', '119010075');
INSERT INTO `sport_meeting_management_system`.`event_has_player` VALUES ('100m', 'male', '1', '119010074');
INSERT INTO `sport_meeting_management_system`.`event_has_player` VALUES ('100m', 'male', '1', '119010073');
INSERT INTO `sport_meeting_management_system`.`event_has_player` VALUES ('100m', 'male', '1', '119010072');
INSERT INTO `sport_meeting_management_system`.`event_has_player` VALUES ('100m', 'male', '1', '119010071');
INSERT INTO `sport_meeting_management_system`.`event_has_player` VALUES ('100m', 'male', '1', '119010070');
INSERT INTO `sport_meeting_management_system`.`event_has_player` VALUES ('100m', 'male', '1', '119010069');
INSERT INTO `sport_meeting_management_system`.`event_has_player` VALUES ('100m', 'male', '1', '119010068');
INSERT INTO `sport_meeting_management_system`.`event_has_player` VALUES ('100m', 'male', '1', '119010067');
INSERT INTO `sport_meeting_management_system`.`event_has_player` VALUES ('100m', 'male', '1', '119010066');
INSERT INTO `sport_meeting_management_system`.`event_has_player` VALUES ('100m', 'male', '1', '119010065');
INSERT INTO `sport_meeting_management_system`.`event_has_player` VALUES ('100m', 'male', '1', '119010064');
INSERT INTO `sport_meeting_management_system`.`event_has_player` VALUES ('100m', 'male', '1', '119010063');
INSERT INTO `sport_meeting_management_system`.`event_has_player` VALUES ('100m', 'male', '1', '119010062');
INSERT INTO `sport_meeting_management_system`.`event_has_player` VALUES ('100m', 'male', '1', '119010060');
INSERT INTO `sport_meeting_management_system`.`event_has_player` VALUES ('100m', 'male', '1', '119010059');
INSERT INTO `sport_meeting_management_system`.`event_has_player` VALUES ('100m', 'male', '1', '119010058');
INSERT INTO `sport_meeting_management_system`.`event_has_player` VALUES ('100m', 'male', '1', '119010057');
INSERT INTO `sport_meeting_management_system`.`event_has_player` VALUES ('100m', 'male', '1', '119010056');
INSERT INTO `sport_meeting_management_system`.`event_has_player` VALUES ('100m', 'male', '1', '119010055');
INSERT INTO `sport_meeting_management_system`.`event_has_player` VALUES ('100m', 'male', '1', '119010054');
INSERT INTO `sport_meeting_management_system`.`event_has_player` VALUES ('100m', 'male', '1', '119010052');
INSERT INTO `sport_meeting_management_system`.`event_has_player` VALUES ('100m', 'male', '1', '119010051');
INSERT INTO `sport_meeting_management_system`.`event_has_player` VALUES ('100m', 'male', '1', '119010049');
INSERT INTO `sport_meeting_management_system`.`event_has_player` VALUES ('100m', 'male', '1', '119010048');
INSERT INTO `sport_meeting_management_system`.`event_has_player` VALUES ('100m', 'male', '1', '119010047');
INSERT INTO `sport_meeting_management_system`.`event_has_player` VALUES ('100m', 'male', '1', '119010045');
INSERT INTO `sport_meeting_management_system`.`event_has_player` VALUES ('100m', 'male', '1', '119010044');
INSERT INTO `sport_meeting_management_system`.`event_has_player` VALUES ('100m', 'male', '1', '119010043');
INSERT INTO `sport_meeting_management_system`.`event_has_player` VALUES ('100m', 'male', '1', '119010042');
INSERT INTO `sport_meeting_management_system`.`event_has_player` VALUES ('100m', 'male', '1', '119010041');
INSERT INTO `sport_meeting_management_system`.`event_has_player` VALUES ('100m', 'male', '1', '119010040');
INSERT INTO `sport_meeting_management_system`.`event_has_player` VALUES ('100m', 'male', '1', '119010039');
INSERT INTO `sport_meeting_management_system`.`event_has_player` VALUES ('100m', 'male', '1', '119010038');
INSERT INTO `sport_meeting_management_system`.`event_has_player` VALUES ('100m', 'male', '1', '119010037');
INSERT INTO `sport_meeting_management_system`.`event_has_player` VALUES ('100m', 'male', '1', '119010036');
INSERT INTO `sport_meeting_management_system`.`event_has_player` VALUES ('100m', 'male', '1', '119010035');
INSERT INTO `sport_meeting_management_system`.`event_has_player` VALUES ('100m', 'male', '1', '119010032');
INSERT INTO `sport_meeting_management_system`.`event_has_player` VALUES ('100m', 'male', '1', '119010031');
INSERT INTO `sport_meeting_management_system`.`event_has_player` VALUES ('100m', 'male', '1', '119010030');
INSERT INTO `sport_meeting_management_system`.`event_has_player` VALUES ('100m', 'male', '1', '119010029');
INSERT INTO `sport_meeting_management_system`.`event_has_player` VALUES ('100m', 'male', '1', '119010028');
INSERT INTO `sport_meeting_management_system`.`event_has_player` VALUES ('100m', 'male', '1', '119010027');
INSERT INTO `sport_meeting_management_system`.`event_has_player` VALUES ('100m', 'male', '1', '119010026');
INSERT INTO `sport_meeting_management_system`.`event_has_player` VALUES ('100m', 'male', '1', '119010025');
INSERT INTO `sport_meeting_management_system`.`event_has_player` VALUES ('100m', 'male', '1', '119010024');
INSERT INTO `sport_meeting_management_system`.`event_has_player` VALUES ('100m', 'male', '1', '119010023');
INSERT INTO `sport_meeting_management_system`.`event_has_player` VALUES ('100m', 'male', '1', '119010021');
INSERT INTO `sport_meeting_management_system`.`event_has_player` VALUES ('100m', 'male', '1', '119010020');
INSERT INTO `sport_meeting_management_system`.`event_has_player` VALUES ('100m', 'male', '1', '119010018');
INSERT INTO `sport_meeting_management_system`.`event_has_player` VALUES ('100m', 'male', '1', '119010017');
INSERT INTO `sport_meeting_management_system`.`event_has_player` VALUES ('100m', 'male', '1', '119010016');
INSERT INTO `sport_meeting_management_system`.`event_has_player` VALUES ('100m', 'male', '1', '119010015');
INSERT INTO `sport_meeting_management_system`.`event_has_player` VALUES ('100m', 'male', '1', '119010014');
INSERT INTO `sport_meeting_management_system`.`event_has_player` VALUES ('100m', 'male', '1', '119010013');
INSERT INTO `sport_meeting_management_system`.`event_has_player` VALUES ('100m', 'male', '1', '119010012');
INSERT INTO `sport_meeting_management_system`.`event_has_player` VALUES ('100m', 'male', '1', '119010011');
INSERT INTO `sport_meeting_management_system`.`event_has_player` VALUES ('100m', 'male', '1', '119010010');
INSERT INTO `sport_meeting_management_system`.`event_has_player` VALUES ('100m', 'male', '1', '119010009');
INSERT INTO `sport_meeting_management_system`.`event_has_player` VALUES ('100m', 'male', '1', '119010008');
INSERT INTO `sport_meeting_management_system`.`event_has_player` VALUES ('100m', 'male', '1', '119010007');
INSERT INTO `sport_meeting_management_system`.`event_has_player` VALUES ('100m', 'male', '1', '119010004');
INSERT INTO `sport_meeting_management_system`.`event_has_player` VALUES ('100m', 'male', '1', '119010003');
INSERT INTO `sport_meeting_management_system`.`event_has_player` VALUES ('100m', 'male', '1', '119010002');
INSERT INTO `sport_meeting_management_system`.`event_has_player` VALUES ('100m', 'male', '1', '119010000');
INSERT INTO `sport_meeting_management_system`.`event_has_player` VALUES ('100m', 'female', '1', '119010559');
INSERT INTO `sport_meeting_management_system`.`event_has_player` VALUES ('100m', 'female', '1', '119010558');
INSERT INTO `sport_meeting_management_system`.`event_has_player` VALUES ('100m', 'female', '1', '119010557');
INSERT INTO `sport_meeting_management_system`.`event_has_player` VALUES ('100m', 'female', '1', '119010556');
INSERT INTO `sport_meeting_management_system`.`event_has_player` VALUES ('100m', 'female', '1', '119010555');
INSERT INTO `sport_meeting_management_system`.`event_has_player` VALUES ('100m', 'female', '1', '119010554');
INSERT INTO `sport_meeting_management_system`.`event_has_player` VALUES ('100m', 'female', '1', '119010553');
INSERT INTO `sport_meeting_management_system`.`event_has_player` VALUES ('100m', 'female', '1', '119010552');
INSERT INTO `sport_meeting_management_system`.`event_has_player` VALUES ('100m', 'female', '1', '119010551');
INSERT INTO `sport_meeting_management_system`.`event_has_player` VALUES ('100m', 'female', '1', '119010550');
INSERT INTO `sport_meeting_management_system`.`event_has_player` VALUES ('100m', 'female', '1', '119010549');
INSERT INTO `sport_meeting_management_system`.`event_has_player` VALUES ('100m', 'female', '1', '119010548');
INSERT INTO `sport_meeting_management_system`.`event_has_player` VALUES ('100m', 'female', '1', '119010547');
INSERT INTO `sport_meeting_management_system`.`event_has_player` VALUES ('100m', 'female', '1', '119010546');
INSERT INTO `sport_meeting_management_system`.`event_has_player` VALUES ('100m', 'female', '1', '119010545');
INSERT INTO `sport_meeting_management_system`.`event_has_player` VALUES ('100m', 'female', '1', '119010544');
INSERT INTO `sport_meeting_management_system`.`event_has_player` VALUES ('100m', 'female', '1', '119010541');
INSERT INTO `sport_meeting_management_system`.`event_has_player` VALUES ('100m', 'female', '1', '119010540');
INSERT INTO `sport_meeting_management_system`.`event_has_player` VALUES ('100m', 'female', '1', '119010539');
INSERT INTO `sport_meeting_management_system`.`event_has_player` VALUES ('100m', 'female', '1', '119010538');
INSERT INTO `sport_meeting_management_system`.`event_has_player` VALUES ('100m', 'female', '1', '119010537');
INSERT INTO `sport_meeting_management_system`.`event_has_player` VALUES ('100m', 'female', '1', '119010536');
INSERT INTO `sport_meeting_management_system`.`event_has_player` VALUES ('100m', 'female', '1', '119010535');
INSERT INTO `sport_meeting_management_system`.`event_has_player` VALUES ('100m', 'female', '1', '119010534');
INSERT INTO `sport_meeting_management_system`.`event_has_player` VALUES ('100m', 'female', '1', '119010532');
INSERT INTO `sport_meeting_management_system`.`event_has_player` VALUES ('100m', 'female', '1', '119010531');
INSERT INTO `sport_meeting_management_system`.`event_has_player` VALUES ('100m', 'female', '1', '119010530');
INSERT INTO `sport_meeting_management_system`.`event_has_player` VALUES ('100m', 'female', '1', '119010529');
INSERT INTO `sport_meeting_management_system`.`event_has_player` VALUES ('100m', 'female', '1', '119010526');
INSERT INTO `sport_meeting_management_system`.`event_has_player` VALUES ('100m', 'female', '1', '119010525');
INSERT INTO `sport_meeting_management_system`.`event_has_player` VALUES ('100m', 'female', '1', '119010524');
INSERT INTO `sport_meeting_management_system`.`event_has_player` VALUES ('100m', 'female', '1', '119010523');
INSERT INTO `sport_meeting_management_system`.`event_has_player` VALUES ('100m', 'female', '1', '119010522');
INSERT INTO `sport_meeting_management_system`.`event_has_player` VALUES ('100m', 'female', '1', '119010521');
INSERT INTO `sport_meeting_management_system`.`event_has_player` VALUES ('100m', 'female', '1', '119010520');
INSERT INTO `sport_meeting_management_system`.`event_has_player` VALUES ('100m', 'female', '1', '119010519');
INSERT INTO `sport_meeting_management_system`.`event_has_player` VALUES ('100m', 'female', '1', '119010518');
INSERT INTO `sport_meeting_management_system`.`event_has_player` VALUES ('100m', 'female', '1', '119010517');
INSERT INTO `sport_meeting_management_system`.`event_has_player` VALUES ('100m', 'female', '1', '119010516');
INSERT INTO `sport_meeting_management_system`.`event_has_player` VALUES ('100m', 'female', '1', '119010515');
INSERT INTO `sport_meeting_management_system`.`event_has_player` VALUES ('100m', 'female', '1', '119010514');
INSERT INTO `sport_meeting_management_system`.`event_has_player` VALUES ('100m', 'female', '1', '119010513');
INSERT INTO `sport_meeting_management_system`.`event_has_player` VALUES ('100m', 'female', '1', '119010512');
INSERT INTO `sport_meeting_management_system`.`event_has_player` VALUES ('100m', 'female', '1', '119010511');
INSERT INTO `sport_meeting_management_system`.`event_has_player` VALUES ('100m', 'female', '1', '119010510');
INSERT INTO `sport_meeting_management_system`.`event_has_player` VALUES ('100m', 'female', '1', '119010509');
INSERT INTO `sport_meeting_management_system`.`event_has_player` VALUES ('100m', 'female', '1', '119010508');
INSERT INTO `sport_meeting_management_system`.`event_has_player` VALUES ('100m', 'female', '1', '119010507');
INSERT INTO `sport_meeting_management_system`.`event_has_player` VALUES ('100m', 'female', '1', '119010506');
INSERT INTO `sport_meeting_management_system`.`event_has_player` VALUES ('100m', 'female', '1', '119010505');
INSERT INTO `sport_meeting_management_system`.`event_has_player` VALUES ('100m', 'female', '1', '119010503');
INSERT INTO `sport_meeting_management_system`.`event_has_player` VALUES ('100m', 'female', '1', '119010502');
INSERT INTO `sport_meeting_management_system`.`event_has_player` VALUES ('100m', 'female', '1', '119010501');
INSERT INTO `sport_meeting_management_system`.`event_has_player` VALUES ('100m', 'female', '1', '119010500');
INSERT INTO `sport_meeting_management_system`.`event_has_player` VALUES ('100m', 'female', '1', '119010499');
INSERT INTO `sport_meeting_management_system`.`event_has_player` VALUES ('100m', 'female', '1', '119010498');
INSERT INTO `sport_meeting_management_system`.`event_has_player` VALUES ('100m', 'female', '1', '119010495');
INSERT INTO `sport_meeting_management_system`.`event_has_player` VALUES ('100m', 'female', '1', '119010494');
INSERT INTO `sport_meeting_management_system`.`event_has_player` VALUES ('100m', 'female', '1', '119010493');
INSERT INTO `sport_meeting_management_system`.`event_has_player` VALUES ('100m', 'female', '1', '119010492');
INSERT INTO `sport_meeting_management_system`.`event_has_player` VALUES ('100m', 'female', '1', '119010491');
INSERT INTO `sport_meeting_management_system`.`event_has_player` VALUES ('100m', 'female', '1', '119010490');
INSERT INTO `sport_meeting_management_system`.`event_has_player` VALUES ('100m', 'female', '1', '119010489');
INSERT INTO `sport_meeting_management_system`.`event_has_player` VALUES ('100m', 'female', '1', '119010488');
INSERT INTO `sport_meeting_management_system`.`event_has_player` VALUES ('100m', 'female', '1', '119010487');
INSERT INTO `sport_meeting_management_system`.`event_has_player` VALUES ('100m', 'female', '1', '119010486');
INSERT INTO `sport_meeting_management_system`.`event_has_player` VALUES ('100m', 'female', '1', '119010485');
INSERT INTO `sport_meeting_management_system`.`event_has_player` VALUES ('100m', 'female', '1', '119010484');
INSERT INTO `sport_meeting_management_system`.`event_has_player` VALUES ('100m', 'female', '1', '119010482');
INSERT INTO `sport_meeting_management_system`.`event_has_player` VALUES ('100m', 'female', '1', '119010480');
INSERT INTO `sport_meeting_management_system`.`event_has_player` VALUES ('100m', 'female', '1', '119010479');
INSERT INTO `sport_meeting_management_system`.`event_has_player` VALUES ('100m', 'female', '1', '119010478');
INSERT INTO `sport_meeting_management_system`.`event_has_player` VALUES ('100m', 'female', '1', '119010477');
INSERT INTO `sport_meeting_management_system`.`event_has_player` VALUES ('100m', 'female', '1', '119010476');
INSERT INTO `sport_meeting_management_system`.`event_has_player` VALUES ('100m', 'female', '1', '119010475');
INSERT INTO `sport_meeting_management_system`.`event_has_player` VALUES ('100m', 'female', '1', '119010474');
INSERT INTO `sport_meeting_management_system`.`event_has_player` VALUES ('100m', 'female', '1', '119010473');
INSERT INTO `sport_meeting_management_system`.`event_has_player` VALUES ('100m', 'female', '1', '119010472');
INSERT INTO `sport_meeting_management_system`.`event_has_player` VALUES ('100m', 'female', '1', '119010471');
INSERT INTO `sport_meeting_management_system`.`event_has_player` VALUES ('100m', 'female', '1', '119010470');
INSERT INTO `sport_meeting_management_system`.`event_has_player` VALUES ('100m', 'female', '1', '119010469');
INSERT INTO `sport_meeting_management_system`.`event_has_player` VALUES ('100m', 'female', '1', '119010468');
INSERT INTO `sport_meeting_management_system`.`event_has_player` VALUES ('100m', 'female', '1', '119010467');
INSERT INTO `sport_meeting_management_system`.`event_has_player` VALUES ('100m', 'female', '1', '119010466');
INSERT INTO `sport_meeting_management_system`.`event_has_player` VALUES ('100m', 'female', '1', '119010464');
INSERT INTO `sport_meeting_management_system`.`event_has_player` VALUES ('100m', 'female', '1', '119010463');
INSERT INTO `sport_meeting_management_system`.`event_has_player` VALUES ('100m', 'female', '1', '119010462');
INSERT INTO `sport_meeting_management_system`.`event_has_player` VALUES ('100m', 'female', '1', '119010461');
INSERT INTO `sport_meeting_management_system`.`event_has_player` VALUES ('100m', 'female', '1', '119010459');
INSERT INTO `sport_meeting_management_system`.`event_has_player` VALUES ('100m', 'female', '1', '119010458');
INSERT INTO `sport_meeting_management_system`.`event_has_player` VALUES ('100m', 'female', '1', '119010457');
INSERT INTO `sport_meeting_management_system`.`event_has_player` VALUES ('100m', 'female', '1', '119010456');
INSERT INTO `sport_meeting_management_system`.`event_has_player` VALUES ('100m', 'female', '1', '119010455');
INSERT INTO `sport_meeting_management_system`.`event_has_player` VALUES ('100m', 'female', '1', '119010454');
INSERT INTO `sport_meeting_management_system`.`event_has_player` VALUES ('100m', 'female', '1', '119010453');
INSERT INTO `sport_meeting_management_system`.`event_has_player` VALUES ('100m', 'female', '1', '119010452');
INSERT INTO `sport_meeting_management_system`.`event_has_player` VALUES ('100m', 'female', '1', '119010451');
INSERT INTO `sport_meeting_management_system`.`event_has_player` VALUES ('100m', 'female', '1', '119010450');
INSERT INTO `sport_meeting_management_system`.`event_has_player` VALUES ('100m', 'female', '1', '119010449');
INSERT INTO `sport_meeting_management_system`.`event_has_player` VALUES ('100m', 'female', '1', '119010446');
INSERT INTO `sport_meeting_management_system`.`event_has_player` VALUES ('100m', 'female', '1', '119010445');
INSERT INTO `sport_meeting_management_system`.`event_has_player` VALUES ('100m', 'female', '1', '119010444');
INSERT INTO `sport_meeting_management_system`.`event_has_player` VALUES ('100m', 'female', '1', '119010443');
INSERT INTO `sport_meeting_management_system`.`event_has_player` VALUES ('100m', 'female', '1', '119010442');
INSERT INTO `sport_meeting_management_system`.`event_has_player` VALUES ('100m', 'female', '1', '119010441');
INSERT INTO `sport_meeting_management_system`.`event_has_player` VALUES ('100m', 'female', '1', '119010440');
INSERT INTO `sport_meeting_management_system`.`event_has_player` VALUES ('100m', 'female', '1', '119010439');
INSERT INTO `sport_meeting_management_system`.`event_has_player` VALUES ('100m', 'female', '1', '119010437');
INSERT INTO `sport_meeting_management_system`.`event_has_player` VALUES ('100m', 'female', '1', '119010436');
INSERT INTO `sport_meeting_management_system`.`event_has_player` VALUES ('100m', 'female', '1', '119010435');
INSERT INTO `sport_meeting_management_system`.`event_has_player` VALUES ('100m', 'female', '1', '119010434');
INSERT INTO `sport_meeting_management_system`.`event_has_player` VALUES ('100m', 'female', '1', '119010433');
INSERT INTO `sport_meeting_management_system`.`event_has_player` VALUES ('100m', 'female', '1', '119010432');
INSERT INTO `sport_meeting_management_system`.`event_has_player` VALUES ('100m', 'female', '1', '119010431');
INSERT INTO `sport_meeting_management_system`.`event_has_player` VALUES ('100m', 'female', '1', '119010430');
INSERT INTO `sport_meeting_management_system`.`event_has_player` VALUES ('100m', 'female', '1', '119010429');
INSERT INTO `sport_meeting_management_system`.`event_has_player` VALUES ('100m', 'female', '1', '119010428');
INSERT INTO `sport_meeting_management_system`.`event_has_player` VALUES ('100m', 'female', '1', '119010427');
INSERT INTO `sport_meeting_management_system`.`event_has_player` VALUES ('100m', 'female', '1', '119010425');
INSERT INTO `sport_meeting_management_system`.`event_has_player` VALUES ('100m', 'female', '1', '119010424');
INSERT INTO `sport_meeting_management_system`.`event_has_player` VALUES ('100m', 'female', '1', '119010423');
INSERT INTO `sport_meeting_management_system`.`event_has_player` VALUES ('100m', 'female', '1', '119010422');
INSERT INTO `sport_meeting_management_system`.`event_has_player` VALUES ('100m', 'female', '1', '119010421');
INSERT INTO `sport_meeting_management_system`.`event_has_player` VALUES ('100m', 'female', '1', '119010419');
INSERT INTO `sport_meeting_management_system`.`event_has_player` VALUES ('100m', 'female', '1', '119010416');
INSERT INTO `sport_meeting_management_system`.`event_has_player` VALUES ('100m', 'female', '1', '119010415');
INSERT INTO `sport_meeting_management_system`.`event_has_player` VALUES ('100m', 'female', '1', '119010413');
INSERT INTO `sport_meeting_management_system`.`event_has_player` VALUES ('100m', 'female', '1', '119010412');
INSERT INTO `sport_meeting_management_system`.`event_has_player` VALUES ('100m', 'female', '1', '119010411');
INSERT INTO `sport_meeting_management_system`.`event_has_player` VALUES ('100m', 'female', '1', '119010410');
INSERT INTO `sport_meeting_management_system`.`event_has_player` VALUES ('100m', 'female', '1', '119010409');
INSERT INTO `sport_meeting_management_system`.`event_has_player` VALUES ('100m', 'female', '1', '119010408');
INSERT INTO `sport_meeting_management_system`.`event_has_player` VALUES ('100m', 'female', '1', '119010407');
INSERT INTO `sport_meeting_management_system`.`event_has_player` VALUES ('100m', 'female', '1', '119010406');
INSERT INTO `sport_meeting_management_system`.`event_has_player` VALUES ('100m', 'female', '1', '119010405');
INSERT INTO `sport_meeting_management_system`.`event_has_player` VALUES ('100m', 'female', '1', '119010404');
INSERT INTO `sport_meeting_management_system`.`event_has_player` VALUES ('100m', 'female', '1', '119010402');
INSERT INTO `sport_meeting_management_system`.`event_has_player` VALUES ('100m', 'female', '1', '119010400');



-- one organizer one referee
INSERT INTO `sport_meeting_management_system`.`referee` (`Referee_id`, `Referee_name`, `Salary`, `Org_comm_id`) VALUES ('1', 'liuxiang', '100', '1');
INSERT INTO `sport_meeting_management_system`.`referee` (`Referee_id`, `Referee_name`, `Salary`, `Org_comm_id`) VALUES ('2', 'wang', '120', '1');
INSERT INTO `sport_meeting_management_system`.`referee` (`Referee_id`, `Referee_name`, `Salary`, `Org_comm_id`) VALUES ('3', 'wuqi', '140', '2');
INSERT INTO `sport_meeting_management_system`.`referee` (`Referee_id`, `Referee_name`, `Salary`, `Org_comm_id`) VALUES ('4', 'dailiu', '160', '3');

INSERT INTO `sport_meeting_management_system`.`event_has_referee` (`Event_name`, `Event_category`, `Event_round`, `Referee_id`) VALUES ('100m', 'male', '1', '1');
INSERT INTO `sport_meeting_management_system`.`event_has_referee` (`Event_name`, `Event_category`, `Event_round`, `Referee_id`) VALUES ('400m', 'female', '1', '2');
INSERT INTO `sport_meeting_management_system`.`event_has_referee` (`Event_name`, `Event_category`, `Event_round`, `Referee_id`) VALUES ('800m', 'female', '1', '4');
INSERT INTO `sport_meeting_management_system`.`event_has_referee` (`Event_name`, `Event_category`, `Event_round`, `Referee_id`) VALUES ('highjump', 'male', '1', '3');

INSERT INTO `sport_meeting_management_system`.`volunteer_name` (`Volunteer_id`, `Volunteer_name`) VALUES ('119010990', 'wyp');
INSERT INTO `sport_meeting_management_system`.`volunteer_name` (`Volunteer_id`, `Volunteer_name`) VALUES ('119010999', 'david');

INSERT INTO `sport_meeting_management_system`.`volunteer_time` (`Volunteer_id`, `Available_starting_time`, `Available_ending_time`) VALUES ('119010990', '2021-04-28 09:00:00', '2021-04-28 15:00:00');
INSERT INTO `sport_meeting_management_system`.`volunteer_time` (`Volunteer_id`, `Available_starting_time`, `Available_ending_time`) VALUES ('119010990', '2021-04-29 10:00:00', '2021-04-29 12:00:00');
INSERT INTO `sport_meeting_management_system`.`volunteer_time` (`Volunteer_id`, `Available_starting_time`, `Available_ending_time`) VALUES ('119010999', '2021-05-04 09:00:00', '2021-05-04 17:00:00');

INSERT INTO `sport_meeting_management_system`.`volunteer_has_event` (`Volunteer_id`, `Event_name`, `Event_category`, `Event_round`) VALUES ('119010990', '400m', 'male', '1');
INSERT INTO `sport_meeting_management_system`.`volunteer_has_event` (`Volunteer_id`, `Event_name`, `Event_category`, `Event_round`) VALUES ('119010999', 'highjump', 'male', '1');



